2026-08-28T04:09:39.4764101Z Current runner version: '2.336.0'
2026-08-28T04:09:39.4793803Z ##[group]Runner Image Provisioner
2026-08-28T04:09:39.4795390Z Hosted Compute Agent
2026-08-28T04:09:39.4796255Z Version: 20260819.586
2026-08-28T04:09:39.4797140Z Commit: 3cc4a88dfa507ef76119ad1bb3eccc6378bb2b76
2026-08-28T04:09:39.4798227Z Build Date: 2026-08-18T23:20:18Z
2026-08-28T04:09:39.4799263Z Worker ID: {f232619e-726e-4369-bddb-101210e6b623}
2026-08-28T04:09:39.4800199Z Azure Region: northcentralus
2026-08-28T04:09:39.4801013Z ##[endgroup]
2026-08-28T04:09:39.4803005Z ##[group]Operating System
2026-08-28T04:09:39.4803915Z Ubuntu
2026-08-28T04:09:39.4804622Z 24.04.4
2026-08-28T04:09:39.4805645Z LTS
2026-08-28T04:09:39.4806350Z ##[endgroup]
2026-08-28T04:09:39.4806969Z ##[group]Runner Image
2026-08-28T04:09:39.4807792Z Image: ubuntu-24.04
2026-08-28T04:09:39.4808575Z Version: 20260823.283.1
2026-08-28T04:09:39.4810360Z Included Software: https://github.com/actions/runner-images/blob/ubuntu24/20260823.283/images/ubuntu/Ubuntu2404-Readme.md
2026-08-28T04:09:39.4812378Z Image Release: https://github.com/actions/runner-images/releases/tag/ubuntu24%2F20260823.283
2026-08-28T04:09:39.4813727Z ##[endgroup]
2026-08-28T04:09:39.4815728Z ##[group]GITHUB_TOKEN Permissions
2026-08-28T04:09:39.4818944Z Contents: read
2026-08-28T04:09:39.4819729Z Metadata: read
2026-08-28T04:09:39.4820479Z Packages: read
2026-08-28T04:09:39.4821354Z ##[endgroup]
2026-08-28T04:09:39.4824186Z Secret source: Actions
2026-08-28T04:09:39.4826368Z Prepare workflow directory
2026-08-28T04:09:39.5299345Z Prepare all required actions
2026-08-28T04:09:39.5371155Z Getting action download info
2026-08-28T04:09:39.7436827Z Download action repository 'actions/checkout@v4' (SHA:11d5960a326750d5838078e36cf38b85af677262)
2026-08-28T04:09:39.8602918Z Download action repository 'Swatinem/rust-cache@v2' (SHA:6323deb102c322ba6fcbdcafc7e3dddab59af2b6)
2026-08-28T04:09:40.3472417Z Complete job name: no-brokr
2026-08-28T04:09:40.4179517Z Node 20 is being deprecated. This workflow is running with Node 24 by default. If you need to temporarily use Node 20, you can set the ACTIONS_ALLOW_USE_UNSECURE_NODE_VERSION=true environment variable. For more information see: https://github.blog/changelog/2025-09-19-deprecation-of-node-20-on-github-actions-runners/
2026-08-28T04:09:40.4188519Z ##[group]Run actions/checkout@v4
2026-08-28T04:09:40.4189265Z with:
2026-08-28T04:09:40.4189857Z   repository: prokosna/tradr
2026-08-28T04:09:40.4193679Z   token: ***
2026-08-28T04:09:40.4194181Z   ssh-strict: true
2026-08-28T04:09:40.4194699Z   ssh-user: git
2026-08-28T04:09:40.4195373Z   persist-credentials: true
2026-08-28T04:09:40.4195977Z   clean: true
2026-08-28T04:09:40.4196487Z   sparse-checkout-cone-mode: true
2026-08-28T04:09:40.4197050Z   fetch-depth: 1
2026-08-28T04:09:40.4197572Z   fetch-tags: false
2026-08-28T04:09:40.4198073Z   show-progress: true
2026-08-28T04:09:40.4198647Z   lfs: false
2026-08-28T04:09:40.4199226Z   submodules: false
2026-08-28T04:09:40.4199720Z   set-safe-directory: true
2026-08-28T04:09:40.4200342Z   allow-unsafe-pr-checkout: false
2026-08-28T04:09:40.4201056Z env:
2026-08-28T04:09:40.4201578Z   PNPM_VERSION: 10.20.0
2026-08-28T04:09:40.4202173Z   NODE_VERSION: 24
2026-08-28T04:09:40.4202692Z   TAURI_CLI_VERSION: 2.11.4
2026-08-28T04:09:40.4203259Z   ANDROID_NDK_VERSION: 27.3.13750724
2026-08-28T04:09:40.4203853Z   ANDROID_BUILD_TOOLS_VERSION: 35.0.0
2026-08-28T04:09:40.4204465Z ##[endgroup]
2026-08-28T04:09:40.5240647Z Syncing repository: prokosna/tradr
2026-08-28T04:09:40.5243504Z ##[group]Getting Git version info
2026-08-28T04:09:40.5244527Z Working directory is '/home/runner/work/tradr/tradr'
2026-08-28T04:09:40.5245987Z [command]/usr/bin/git version
2026-08-28T04:09:40.5318983Z git version 2.55.0
2026-08-28T04:09:40.5338010Z ##[endgroup]
2026-08-28T04:09:40.5354375Z Temporarily overriding HOME='/home/runner/work/_temp/480c0146-9259-4427-9c56-5f28cb4963bd' before making global git config changes
2026-08-28T04:09:40.5359917Z Adding repository directory to the temporary git global config as a safe directory
2026-08-28T04:09:40.5362291Z [command]/usr/bin/git config --global --add safe.directory /home/runner/work/tradr/tradr
2026-08-28T04:09:40.5417207Z Deleting the contents of '/home/runner/work/tradr/tradr'
2026-08-28T04:09:40.5422785Z ##[group]Initializing the repository
2026-08-28T04:09:40.5427968Z [command]/usr/bin/git init /home/runner/work/tradr/tradr
2026-08-28T04:09:40.5525451Z hint: Using 'master' as the name for the initial branch. This default branch name
2026-08-28T04:09:40.5527334Z hint: will change to "main" in Git 3.0. To configure the initial branch name
2026-08-28T04:09:40.5529209Z hint: to use in all of your new repositories, which will suppress this warning,
2026-08-28T04:09:40.5530509Z hint: call:
2026-08-28T04:09:40.5532390Z hint:
2026-08-28T04:09:40.5533420Z hint: 	git config --global init.defaultBranch <name>
2026-08-28T04:09:40.5534448Z hint:
2026-08-28T04:09:40.5535797Z hint: Names commonly chosen instead of 'master' are 'main', 'trunk' and
2026-08-28T04:09:40.5537413Z hint: 'development'. The just-created branch can be renamed via this command:
2026-08-28T04:09:40.5538811Z hint:
2026-08-28T04:09:40.5539920Z hint: 	git branch -m <name>
2026-08-28T04:09:40.5540777Z hint:
2026-08-28T04:09:40.5541889Z hint: Disable this message with "git config set advice.defaultBranchName false"
2026-08-28T04:09:40.5543564Z Initialized empty Git repository in /home/runner/work/tradr/tradr/.git/
2026-08-28T04:09:40.5547139Z [command]/usr/bin/git remote add origin https://github.com/prokosna/tradr
2026-08-28T04:09:40.5588237Z ##[endgroup]
2026-08-28T04:09:40.5589551Z ##[group]Disabling automatic garbage collection
2026-08-28T04:09:40.5595163Z [command]/usr/bin/git config --local gc.auto 0
2026-08-28T04:09:40.5630934Z ##[endgroup]
2026-08-28T04:09:40.5633308Z ##[group]Setting up auth
2026-08-28T04:09:40.5638886Z [command]/usr/bin/git config --local --name-only --get-regexp core\.sshCommand
2026-08-28T04:09:40.5675650Z [command]/usr/bin/git submodule foreach --recursive sh -c "git config --local --name-only --get-regexp 'core\.sshCommand' && git config --local --unset-all 'core.sshCommand' || :"
2026-08-28T04:09:40.6206385Z [command]/usr/bin/git config --local --name-only --get-regexp http\.https\:\/\/github\.com\/\.extraheader
2026-08-28T04:09:40.6241730Z [command]/usr/bin/git submodule foreach --recursive sh -c "git config --local --name-only --get-regexp 'http\.https\:\/\/github\.com\/\.extraheader' && git config --local --unset-all 'http.https://github.com/.extraheader' || :"
2026-08-28T04:09:40.6515468Z [command]/usr/bin/git config --local --name-only --get-regexp ^includeIf\.gitdir:
2026-08-28T04:09:40.6517329Z [command]/usr/bin/git submodule foreach --recursive git config --local --show-origin --name-only --get-regexp remote.origin.url
2026-08-28T04:09:40.6693265Z [command]/usr/bin/git config --local http.https://github.com/.extraheader AUTHORIZATION: basic ***
2026-08-28T04:09:40.6731189Z ##[endgroup]
2026-08-28T04:09:40.6732544Z ##[group]Fetching the repository
2026-08-28T04:09:40.6741570Z [command]/usr/bin/git -c protocol.version=2 fetch --no-tags --prune --no-recurse-submodules --depth=1 origin +6bab9752a9cb29e4b7542253c86b98b8efa7298a:refs/remotes/pull/38/merge
2026-08-28T04:09:41.2355283Z From https://github.com/prokosna/tradr
2026-08-28T04:09:41.2356871Z  * [new ref]         6bab9752a9cb29e4b7542253c86b98b8efa7298a -> pull/38/merge
2026-08-28T04:09:41.2360764Z ##[endgroup]
2026-08-28T04:09:41.2362214Z ##[group]Determining the checkout info
2026-08-28T04:09:41.2365231Z ##[endgroup]
2026-08-28T04:09:41.2368177Z [command]/usr/bin/git sparse-checkout disable
2026-08-28T04:09:41.2420290Z [command]/usr/bin/git config --local --unset-all extensions.worktreeConfig
2026-08-28T04:09:41.2455411Z ##[group]Checking out the ref
2026-08-28T04:09:41.2459141Z [command]/usr/bin/git checkout --progress --force refs/remotes/pull/38/merge
2026-08-28T04:09:41.2716614Z Note: switching to 'refs/remotes/pull/38/merge'.
2026-08-28T04:09:41.2718390Z 
2026-08-28T04:09:41.2719516Z You are in 'detached HEAD' state. You can look around, make experimental
2026-08-28T04:09:41.2721788Z changes and commit them, and you can discard any commits you make in this
2026-08-28T04:09:41.2723735Z state without impacting any branches by switching back to a branch.
2026-08-28T04:09:41.2725277Z 
2026-08-28T04:09:41.2726296Z If you want to create a new branch to retain commits you create, you may
2026-08-28T04:09:41.2728143Z do so (now or later) by using -c with the switch command. Example:
2026-08-28T04:09:41.2729197Z 
2026-08-28T04:09:41.2729625Z   git switch -c <new-branch-name>
2026-08-28T04:09:41.2730343Z 
2026-08-28T04:09:41.2730763Z Or undo this operation with:
2026-08-28T04:09:41.2731591Z 
2026-08-28T04:09:41.2732058Z   git switch -
2026-08-28T04:09:41.2732714Z 
2026-08-28T04:09:41.2733554Z Turn off this advice by setting config variable advice.detachedHead to false
2026-08-28T04:09:41.2735047Z 
2026-08-28T04:09:41.2736526Z HEAD is now at 6bab975 Merge 8e3372b97be216eb9a8997f1e5f359d786b6e868 into 8a7c3d3325ca0bf047ecd197b4c4907d7d96b481
2026-08-28T04:09:41.2741363Z ##[endgroup]
2026-08-28T04:09:41.2769420Z [command]/usr/bin/git log -1 --format=%H
2026-08-28T04:09:41.2794284Z 6bab9752a9cb29e4b7542253c86b98b8efa7298a
2026-08-28T04:09:41.3045861Z ##[group]Run rustup show
2026-08-28T04:09:41.3047306Z [36;1mrustup show[0m
2026-08-28T04:09:41.3078013Z shell: /usr/bin/bash -e {0}
2026-08-28T04:09:41.3079279Z env:
2026-08-28T04:09:41.3080266Z   PNPM_VERSION: 10.20.0
2026-08-28T04:09:41.3081382Z   NODE_VERSION: 24
2026-08-28T04:09:41.3082434Z   TAURI_CLI_VERSION: 2.11.4
2026-08-28T04:09:41.3083659Z   ANDROID_NDK_VERSION: 27.3.13750724
2026-08-28T04:09:41.3085352Z   ANDROID_BUILD_TOOLS_VERSION: 35.0.0
2026-08-28T04:09:41.3086686Z ##[endgroup]
2026-08-28T04:09:41.3550595Z Default host: x86_64-unknown-linux-gnu
2026-08-28T04:09:41.3552265Z rustup home:  /home/runner/.rustup
2026-08-28T04:09:41.3553148Z 
2026-08-28T04:09:41.3587281Z info: syncing channel updates for 1.98.0-x86_64-unknown-linux-gnu
2026-08-28T04:09:41.4793593Z info: latest update on 2026-08-20 for version 1.98.0 (88d9e12ae 2026-08-18)
2026-08-28T04:09:41.4804675Z info: downloading 5 components
2026-08-28T04:09:50.9774208Z installed toolchains
2026-08-28T04:09:50.9774990Z --------------------
2026-08-28T04:09:50.9777448Z stable-x86_64-unknown-linux-gnu (default)
2026-08-28T04:09:50.9777770Z 
2026-08-28T04:09:50.9777895Z active toolchain
2026-08-28T04:09:50.9778177Z ----------------
2026-08-28T04:09:50.9778502Z name: 1.98.0-x86_64-unknown-linux-gnu
2026-08-28T04:09:50.9778971Z active because: overridden by '/home/runner/work/tradr/tradr/rust-toolchain.toml'
2026-08-28T04:09:50.9786438Z installed targets:
2026-08-28T04:09:50.9819191Z   x86_64-unknown-linux-gnu
2026-08-28T04:09:50.9927129Z ##[group]Run Swatinem/rust-cache@v2
2026-08-28T04:09:50.9927913Z with:
2026-08-28T04:09:50.9928253Z   shared-key: rust
2026-08-28T04:09:50.9928532Z   prefix-key: v0-rust
2026-08-28T04:09:50.9928840Z   add-job-id-key: true
2026-08-28T04:09:50.9929165Z   add-rust-environment-hash-key: true
2026-08-28T04:09:50.9929539Z   cache-targets: true
2026-08-28T04:09:50.9929820Z   cache-all-crates: false
2026-08-28T04:09:50.9930119Z   cache-workspace-crates: false
2026-08-28T04:09:50.9930425Z   save-if: true
2026-08-28T04:09:50.9930701Z   cache-provider: github
2026-08-28T04:09:50.9930980Z   cache-bin: true
2026-08-28T04:09:50.9931240Z   lookup-only: false
2026-08-28T04:09:50.9931506Z   cmd-format: {0}
2026-08-28T04:09:50.9931757Z env:
2026-08-28T04:09:50.9932009Z   PNPM_VERSION: 10.20.0
2026-08-28T04:09:50.9932292Z   NODE_VERSION: 24
2026-08-28T04:09:50.9932551Z   TAURI_CLI_VERSION: 2.11.4
2026-08-28T04:09:50.9932841Z   ANDROID_NDK_VERSION: 27.3.13750724
2026-08-28T04:09:50.9933236Z   ANDROID_BUILD_TOOLS_VERSION: 35.0.0
2026-08-28T04:09:50.9933544Z ##[endgroup]
2026-08-28T04:09:51.4537946Z ##[group]Cache Configuration
2026-08-28T04:09:51.4539838Z Cache Provider:
2026-08-28T04:09:51.4540447Z     github
2026-08-28T04:09:51.4540912Z Workspaces:
2026-08-28T04:09:51.4541365Z     /home/runner/work/tradr/tradr
2026-08-28T04:09:51.4542264Z Cache Paths:
2026-08-28T04:09:51.4542730Z     /home/runner/.cargo/bin
2026-08-28T04:09:51.4543220Z     /home/runner/.cargo/.crates.toml
2026-08-28T04:09:51.4543758Z     /home/runner/.cargo/.crates2.json
2026-08-28T04:09:51.4544219Z     /home/runner/.cargo/registry
2026-08-28T04:09:51.4544933Z     /home/runner/.cargo/git
2026-08-28T04:09:51.4545485Z     /home/runner/work/tradr/tradr/target
2026-08-28T04:09:51.4546039Z Restore Key:
2026-08-28T04:09:51.4546503Z     v0-rust-rust-Linux-x64-c134099d
2026-08-28T04:09:51.4547110Z Cache Key:
2026-08-28T04:09:51.4547598Z     v0-rust-rust-Linux-x64-c134099d-9abaf065
2026-08-28T04:09:51.4548130Z .. Prefix:
2026-08-28T04:09:51.4548620Z   - v0-rust-rust-Linux-x64
2026-08-28T04:09:51.4549113Z .. Environment considered:
2026-08-28T04:09:51.4549594Z   - Rust Versions:
2026-08-28T04:09:51.4550200Z     - 1.98.0 x86_64-unknown-linux-gnu 88d9e12ae178fab0fb5cc050a94da85685d449ea
2026-08-28T04:09:51.4550911Z   - CARGO_INCREMENTAL
2026-08-28T04:09:51.4551375Z .. Lockfiles considered:
2026-08-28T04:09:51.4552117Z   - /home/runner/work/tradr/tradr/apps/tradr/src-tauri/Cargo.toml
2026-08-28T04:09:51.4552777Z   - /home/runner/work/tradr/tradr/Cargo.lock
2026-08-28T04:09:51.4553429Z   - /home/runner/work/tradr/tradr/crates/tauri-plugin-tradr/Cargo.toml
2026-08-28T04:09:51.4554385Z   - /home/runner/work/tradr/tradr/crates/tradr-core/Cargo.toml
2026-08-28T04:09:51.4555280Z   - /home/runner/work/tradr/tradr/crates/tradr-discovery/Cargo.toml
2026-08-28T04:09:51.4556305Z   - /home/runner/work/tradr/tradr/crates/tradr-identity/Cargo.toml
2026-08-28T04:09:51.4557397Z   - /home/runner/work/tradr/tradr/crates/tradr-integrity/Cargo.toml
2026-08-28T04:09:51.4558354Z   - /home/runner/work/tradr/tradr/crates/tradr-oidc/Cargo.toml
2026-08-28T04:09:51.4559230Z   - /home/runner/work/tradr/tradr/crates/tradr-proto/Cargo.toml
2026-08-28T04:09:51.4560064Z   - /home/runner/work/tradr/tradr/crates/tradr-secrets/Cargo.toml
2026-08-28T04:09:51.4560900Z   - /home/runner/work/tradr/tradr/crates/tradr-transport/Cargo.toml
2026-08-28T04:09:51.4561696Z   - /home/runner/work/tradr/tradr/crates/tradr-vfs/Cargo.toml
2026-08-28T04:09:51.4562412Z   - /home/runner/work/tradr/tradr/rust-toolchain.toml
2026-08-28T04:09:51.4563455Z ##[endgroup]
2026-08-28T04:09:51.4563851Z 
2026-08-28T04:09:51.4564245Z ... Restoring cache ...
2026-08-28T04:09:51.6134644Z No cache found.
2026-08-28T04:09:51.6222931Z ##[group]Run sudo apt-get update
2026-08-28T04:09:51.6223267Z [36;1msudo apt-get update[0m
2026-08-28T04:09:51.6223530Z [36;1msudo apt-get install -y \[0m
2026-08-28T04:09:51.6223829Z [36;1m  libwebkit2gtk-4.1-dev \[0m
2026-08-28T04:09:51.6224109Z [36;1m  libayatana-appindicator3-dev \[0m
2026-08-28T04:09:51.6224385Z [36;1m  librsvg2-dev \[0m
2026-08-28T04:09:51.6224616Z [36;1m  libxdo-dev \[0m
2026-08-28T04:09:51.6225072Z [36;1m  libssl-dev \[0m
2026-08-28T04:09:51.6225303Z [36;1m  patchelf[0m
2026-08-28T04:09:51.6252767Z shell: /usr/bin/bash -e {0}
2026-08-28T04:09:51.6253056Z env:
2026-08-28T04:09:51.6253290Z   PNPM_VERSION: 10.20.0
2026-08-28T04:09:51.6253521Z   NODE_VERSION: 24
2026-08-28T04:09:51.6253749Z   TAURI_CLI_VERSION: 2.11.4
2026-08-28T04:09:51.6253993Z   ANDROID_NDK_VERSION: 27.3.13750724
2026-08-28T04:09:51.6254263Z   ANDROID_BUILD_TOOLS_VERSION: 35.0.0
2026-08-28T04:09:51.6254522Z   CACHE_ON_FAILURE: false
2026-08-28T04:09:51.6254975Z   CARGO_INCREMENTAL: 0
2026-08-28T04:09:51.6255217Z ##[endgroup]
2026-08-28T04:09:51.7290334Z Get:1 file:/etc/apt/apt-mirrors.txt Mirrorlist [144 B]
2026-08-28T04:09:51.8276175Z Hit:2 http://azure.archive.ubuntu.com/ubuntu noble InRelease
2026-08-28T04:09:51.8277830Z Get:6 https://packages.microsoft.com/repos/azure-cli noble InRelease [3564 B]
2026-08-28T04:09:51.8307505Z Get:3 http://azure.archive.ubuntu.com/ubuntu noble-updates InRelease [126 kB]
2026-08-28T04:09:51.8782574Z Get:4 http://azure.archive.ubuntu.com/ubuntu noble-backports InRelease [126 kB]
2026-08-28T04:09:51.8859957Z Get:5 http://azure.archive.ubuntu.com/ubuntu noble-security InRelease [126 kB]
2026-08-28T04:09:51.8870544Z Get:7 https://packages.microsoft.com/ubuntu/24.04/prod noble InRelease [3600 B]
2026-08-28T04:09:51.8873514Z Get:8 https://dl.google.com/linux/chrome-stable/deb stable InRelease [2548 B]
2026-08-28T04:09:52.2010270Z Get:9 http://azure.archive.ubuntu.com/ubuntu noble-updates/main amd64 Packages [1230 kB]
2026-08-28T04:09:52.3255503Z Get:10 http://azure.archive.ubuntu.com/ubuntu noble-updates/main Translation-en [287 kB]
2026-08-28T04:09:52.3628851Z Get:11 http://azure.archive.ubuntu.com/ubuntu noble-updates/main amd64 Components [180 kB]
2026-08-28T04:09:52.3749739Z Get:29 https://packages.microsoft.com/ubuntu/24.04/prod noble/main arm64 Packages [378 kB]
2026-08-28T04:09:52.3974541Z Get:12 http://azure.archive.ubuntu.com/ubuntu noble-updates/universe amd64 Packages [1689 kB]
2026-08-28T04:09:52.4075145Z Get:30 https://packages.microsoft.com/ubuntu/24.04/prod noble/main amd64 Packages [425 kB]
2026-08-28T04:09:52.4617840Z Get:13 http://azure.archive.ubuntu.com/ubuntu noble-updates/universe Translation-en [338 kB]
2026-08-28T04:09:52.4626807Z Get:31 https://dl.google.com/linux/chrome-stable/deb stable/main amd64 Packages [1401 B]
2026-08-28T04:09:52.4816447Z Get:14 http://azure.archive.ubuntu.com/ubuntu noble-updates/universe amd64 Components [388 kB]
2026-08-28T04:09:52.4986363Z Get:15 http://azure.archive.ubuntu.com/ubuntu noble-updates/restricted amd64 Packages [1486 kB]
2026-08-28T04:09:52.5576325Z Get:16 http://azure.archive.ubuntu.com/ubuntu noble-updates/restricted Translation-en [339 kB]
2026-08-28T04:09:52.5702360Z Get:17 http://azure.archive.ubuntu.com/ubuntu noble-updates/multiverse amd64 Components [940 B]
2026-08-28T04:09:52.5743813Z Get:18 http://azure.archive.ubuntu.com/ubuntu noble-backports/main amd64 Components [5740 B]
2026-08-28T04:09:52.6223024Z Get:19 http://azure.archive.ubuntu.com/ubuntu noble-backports/universe amd64 Components [12.6 kB]
2026-08-28T04:09:52.6280000Z Get:20 http://azure.archive.ubuntu.com/ubuntu noble-security/main amd64 Packages [972 kB]
2026-08-28T04:09:52.6724005Z Get:21 http://azure.archive.ubuntu.com/ubuntu noble-security/main Translation-en [206 kB]
2026-08-28T04:09:52.7389148Z Get:22 http://azure.archive.ubuntu.com/ubuntu noble-security/main amd64 Components [46.4 kB]
2026-08-28T04:09:52.7777415Z Get:23 http://azure.archive.ubuntu.com/ubuntu noble-security/universe amd64 Packages [1203 kB]
2026-08-28T04:09:52.8436219Z Get:24 http://azure.archive.ubuntu.com/ubuntu noble-security/universe Translation-en [241 kB]
2026-08-28T04:09:52.8970495Z Get:25 http://azure.archive.ubuntu.com/ubuntu noble-security/universe amd64 Components [76.3 kB]
2026-08-28T04:09:53.0235764Z Get:26 http://azure.archive.ubuntu.com/ubuntu noble-security/restricted amd64 Packages [1392 kB]
2026-08-28T04:09:53.0416755Z Get:27 http://azure.archive.ubuntu.com/ubuntu noble-security/restricted Translation-en [321 kB]
2026-08-28T04:09:53.1294171Z Get:28 http://azure.archive.ubuntu.com/ubuntu noble-security/multiverse Translation-en [11.1 kB]
2026-08-28T04:09:57.7988881Z Fetched 11.6 MB in 2s (6486 kB/s)
2026-08-28T04:09:58.6950218Z Reading package lists...
2026-08-28T04:09:58.7308251Z Reading package lists...
2026-08-28T04:09:58.9339847Z Building dependency tree...
2026-08-28T04:09:58.9345945Z Reading state information...
2026-08-28T04:09:59.1400317Z patchelf is already the newest version (0.18.0-1.1build1).
2026-08-28T04:09:59.1400946Z The following additional packages will be installed:
2026-08-28T04:09:59.1401872Z   bubblewrap build-essential bzip2-doc gir1.2-atk-1.0 gir1.2-atspi-2.0
2026-08-28T04:09:59.1402482Z   gir1.2-ayatanaappindicator3-0.1 gir1.2-ayatanaido3-0.4
2026-08-28T04:09:59.1403055Z   gir1.2-dbusmenu-glib-0.4 gir1.2-freedesktop gir1.2-freedesktop-dev
2026-08-28T04:09:59.1403794Z   gir1.2-gdkpixbuf-2.0 gir1.2-girepository-2.0-dev gir1.2-glib-2.0-dev
2026-08-28T04:09:59.1404406Z   gir1.2-gtk-3.0 gir1.2-harfbuzz-0.0 gir1.2-javascriptcoregtk-4.1
2026-08-28T04:09:59.1405232Z   gir1.2-pango-1.0 gir1.2-rsvg-2.0 gir1.2-soup-3.0 gir1.2-webkit2-4.1
2026-08-28T04:09:59.1405929Z   glib-networking glib-networking-common glib-networking-services
2026-08-28T04:09:59.1406998Z   gobject-introspection gobject-introspection-bin gsettings-desktop-schemas
2026-08-28T04:09:59.1407463Z   gstreamer1.0-gl gstreamer1.0-plugins-base gstreamer1.0-plugins-good
2026-08-28T04:09:59.1407952Z   gstreamer1.0-x libaa1 libasyncns0 libatk-bridge2.0-dev libatk1.0-dev
2026-08-28T04:09:59.1408367Z   libatspi2.0-dev libavc1394-0 libayatana-appindicator3-1
2026-08-28T04:09:59.1408758Z   libayatana-ido3-0.4-0 libayatana-ido3-dev libayatana-indicator3-7
2026-08-28T04:09:59.1409202Z   libayatana-indicator3-dev libblkid-dev libbrotli-dev libbz2-dev libcaca0
2026-08-28T04:09:59.1409685Z   libcairo-script-interpreter2 libcairo2-dev libcdparanoia0 libdatrie-dev
2026-08-28T04:09:59.1410391Z   libdbus-1-dev libdbusmenu-glib-dev libdeflate-dev libdv4t64 libegl-dev
2026-08-28T04:09:59.1411002Z   libegl-mesa0 libegl1 libegl1-mesa-dev libepoxy-dev libflac12t64
2026-08-28T04:09:59.1411724Z   libfontconfig-dev libfreetype-dev libfribidi-dev libgdk-pixbuf-2.0-dev
2026-08-28T04:09:59.1412180Z   libgdk-pixbuf2.0-bin libgirepository-1.0-dev libgirepository-2.0-0
2026-08-28T04:09:59.1412587Z   libgirepository1.0-dev libgl-dev libgles-dev libgles1 libgles2
2026-08-28T04:09:59.1413020Z   libglib2.0-dev libglib2.0-dev-bin libglvnd-core-dev libglvnd-dev libglx-dev
2026-08-28T04:09:59.1413443Z   libgraphene-1.0-0 libgraphite2-dev libgstreamer-gl1.0-0
2026-08-28T04:09:59.1414019Z   libgstreamer-plugins-base1.0-0 libgstreamer-plugins-good1.0-0 libgtk-3-dev
2026-08-28T04:09:59.1414631Z   libharfbuzz-cairo0 libharfbuzz-dev libharfbuzz-gobject0 libharfbuzz-icu0
2026-08-28T04:09:59.1415343Z   libharfbuzz-subset0 libhyphen0 libice-dev libiec61883-0
2026-08-28T04:09:59.1416404Z   libjavascriptcoregtk-4.1-0 libjavascriptcoregtk-4.1-dev libjbig-dev
2026-08-28T04:09:59.1416853Z   libjpeg-dev libjpeg-turbo8-dev libjpeg8-dev liblerc-dev liblzma-dev
2026-08-28T04:09:59.1417285Z   libmanette-0.2-0 libmount-dev libmp3lame0 libmpg123-0t64 libnghttp2-dev
2026-08-28T04:09:59.1417719Z   libopengl-dev libopengl0 libopus0 liborc-0.4-0t64 libpango1.0-dev
2026-08-28T04:09:59.1418125Z   libpangoxft-1.0-0 libpipewire-0.3-0t64 libpipewire-0.3-common
2026-08-28T04:09:59.1418535Z   libpixman-1-dev libpng-dev libpng-tools libproxy1v5 libpsl-dev
2026-08-28T04:09:59.1419106Z   libpthread-stubs0-dev libpulse0 libraw1394-11 librsvg2-2 librsvg2-common
2026-08-28T04:09:59.1419572Z   libsecret-1-0 libsecret-common libselinux1-dev libsepol-dev libsharpyuv-dev
2026-08-28T04:09:59.1420060Z   libshout3 libsm-dev libsndfile1 libsoup-3.0-0 libsoup-3.0-common
2026-08-28T04:09:59.1420438Z   libsoup-3.0-dev libspa-0.2-modules libspeex1 libssl3t64
2026-08-28T04:09:59.1420908Z   libsysprof-capture-4-dev libtag1v5 libtag1v5-vanilla libthai-dev libtheora0
2026-08-28T04:09:59.1421374Z   libtiff-dev libtiffxx6 libtwolame0 libv4l-0t64 libv4lconvert0t64
2026-08-28T04:09:59.1421788Z   libvisual-0.4-0 libvorbisenc2 libvpx9 libwavpack1 libwayland-bin
2026-08-28T04:09:59.1422228Z   libwayland-dev libwayland-server0 libwebkit2gtk-4.1-0 libwebp-dev
2026-08-28T04:09:59.1422671Z   libwebpdecoder3 libwebrtc-audio-processing1 libx11-dev libxau-dev
2026-08-28T04:09:59.1423096Z   libxcb-render0-dev libxcb-shm0-dev libxcb1-dev libxcomposite-dev
2026-08-28T04:09:59.1423562Z   libxcursor-dev libxdamage-dev libxdmcp-dev libxdo3 libxext-dev libxfixes-dev
2026-08-28T04:09:59.1424034Z   libxft-dev libxi-dev libxinerama-dev libxkbcommon-dev libxrandr-dev
2026-08-28T04:09:59.1424585Z   libxrender-dev libxtst-dev libxv1 openssl pango1.0-tools python3-mako
2026-08-28T04:09:59.1425581Z   python3-markdown session-migration uuid-dev wayland-protocols x11proto-dev
2026-08-28T04:09:59.1426090Z   xdg-dbus-proxy xdg-desktop-portal xdg-desktop-portal-gtk xorg-sgml-doctools
2026-08-28T04:09:59.1426485Z   xtrans-dev
2026-08-28T04:09:59.1426719Z Suggested packages:
2026-08-28T04:09:59.1427039Z   gvfs libcairo2-doc libdatrie-doc libdv-bin oss-compat freetype2-doc
2026-08-28T04:09:59.1427483Z   libgirepository1.0-doc libglib2.0-doc libxml2-utils libgraphite2-utils
2026-08-28T04:09:59.1428065Z   libvisual-0.4-plugins libgtk-3-doc libice-doc liblzma-doc libnghttp2-doc
2026-08-28T04:09:59.1428541Z   opus-tools libpango1.0-doc pipewire pulseaudio libraw1394-doc librsvg2-bin
2026-08-28T04:09:59.1428996Z   librsvg2-doc libsm-doc libsoup-3.0-doc speex libssl-doc libthai-doc
2026-08-28T04:09:59.1429464Z   libwayland-doc gstreamer1.0-libav gstreamer1.0-plugins-bad gstreamer1.0-alsa
2026-08-28T04:09:59.1429931Z   libx11-doc libxcb-doc libxext-doc graphicsmagick python-mako-doc
2026-08-28T04:09:59.1430352Z   python3-beaker python-markdown-doc accountsservice evince
2026-08-28T04:09:59.1430741Z   xdg-desktop-portal-gnome
2026-08-28T04:09:59.2302912Z The following NEW packages will be installed:
2026-08-28T04:09:59.2303625Z   bubblewrap build-essential bzip2-doc gir1.2-atk-1.0 gir1.2-atspi-2.0
2026-08-28T04:09:59.2304389Z   gir1.2-ayatanaappindicator3-0.1 gir1.2-ayatanaido3-0.4
2026-08-28T04:09:59.2305174Z   gir1.2-dbusmenu-glib-0.4 gir1.2-freedesktop gir1.2-freedesktop-dev
2026-08-28T04:09:59.2305873Z   gir1.2-gdkpixbuf-2.0 gir1.2-girepository-2.0-dev gir1.2-glib-2.0-dev
2026-08-28T04:09:59.2306391Z   gir1.2-gtk-3.0 gir1.2-harfbuzz-0.0 gir1.2-javascriptcoregtk-4.1
2026-08-28T04:09:59.2306912Z   gir1.2-pango-1.0 gir1.2-rsvg-2.0 gir1.2-soup-3.0 gir1.2-webkit2-4.1
2026-08-28T04:09:59.2307346Z   glib-networking glib-networking-common glib-networking-services
2026-08-28T04:09:59.2308056Z   gobject-introspection gobject-introspection-bin gsettings-desktop-schemas
2026-08-28T04:09:59.2308714Z   gstreamer1.0-gl gstreamer1.0-plugins-base gstreamer1.0-plugins-good
2026-08-28T04:09:59.2309371Z   gstreamer1.0-x libaa1 libasyncns0 libatk-bridge2.0-dev libatk1.0-dev
2026-08-28T04:09:59.2309797Z   libatspi2.0-dev libavc1394-0 libayatana-appindicator3-1
2026-08-28T04:09:59.2310201Z   libayatana-appindicator3-dev libayatana-ido3-0.4-0 libayatana-ido3-dev
2026-08-28T04:09:59.2310679Z   libayatana-indicator3-7 libayatana-indicator3-dev libblkid-dev libbrotli-dev
2026-08-28T04:09:59.2311137Z   libbz2-dev libcaca0 libcairo-script-interpreter2 libcairo2-dev
2026-08-28T04:09:59.2311537Z   libcdparanoia0 libdatrie-dev libdbus-1-dev libdbusmenu-glib-dev
2026-08-28T04:09:59.2312017Z   libdeflate-dev libdv4t64 libegl-dev libegl-mesa0 libegl1 libegl1-mesa-dev
2026-08-28T04:09:59.2313183Z   libepoxy-dev libflac12t64 libfontconfig-dev libfreetype-dev libfribidi-dev
2026-08-28T04:09:59.2313689Z   libgdk-pixbuf-2.0-dev libgdk-pixbuf2.0-bin libgirepository-1.0-dev
2026-08-28T04:09:59.2314143Z   libgirepository-2.0-0 libgirepository1.0-dev libgl-dev libgles-dev libgles1
2026-08-28T04:09:59.2314608Z   libgles2 libglib2.0-dev libglib2.0-dev-bin libglvnd-core-dev libglvnd-dev
2026-08-28T04:09:59.2315180Z   libglx-dev libgraphene-1.0-0 libgraphite2-dev libgstreamer-gl1.0-0
2026-08-28T04:09:59.2315643Z   libgstreamer-plugins-base1.0-0 libgstreamer-plugins-good1.0-0 libgtk-3-dev
2026-08-28T04:09:59.2316126Z   libharfbuzz-cairo0 libharfbuzz-dev libharfbuzz-gobject0 libharfbuzz-icu0
2026-08-28T04:09:59.2316759Z   libharfbuzz-subset0 libhyphen0 libice-dev libiec61883-0
2026-08-28T04:09:59.2317167Z   libjavascriptcoregtk-4.1-0 libjavascriptcoregtk-4.1-dev libjbig-dev
2026-08-28T04:09:59.2317606Z   libjpeg-dev libjpeg-turbo8-dev libjpeg8-dev liblerc-dev liblzma-dev
2026-08-28T04:09:59.2318089Z   libmanette-0.2-0 libmount-dev libmp3lame0 libmpg123-0t64 libnghttp2-dev
2026-08-28T04:09:59.2318660Z   libopengl-dev libopengl0 libopus0 liborc-0.4-0t64 libpango1.0-dev
2026-08-28T04:09:59.2319072Z   libpangoxft-1.0-0 libpipewire-0.3-0t64 libpipewire-0.3-common
2026-08-28T04:09:59.2319475Z   libpixman-1-dev libpng-dev libpng-tools libproxy1v5 libpsl-dev
2026-08-28T04:09:59.2319901Z   libpthread-stubs0-dev libpulse0 libraw1394-11 librsvg2-2 librsvg2-common
2026-08-28T04:09:59.2320373Z   librsvg2-dev libsecret-1-0 libsecret-common libselinux1-dev libsepol-dev
2026-08-28T04:09:59.2320801Z   libsharpyuv-dev libshout3 libsm-dev libsndfile1 libsoup-3.0-0
2026-08-28T04:09:59.2321204Z   libsoup-3.0-common libsoup-3.0-dev libspa-0.2-modules libspeex1
2026-08-28T04:09:59.2321739Z   libsysprof-capture-4-dev libtag1v5 libtag1v5-vanilla libthai-dev libtheora0
2026-08-28T04:09:59.2322178Z   libtiff-dev libtiffxx6 libtwolame0 libv4l-0t64 libv4lconvert0t64
2026-08-28T04:09:59.2322576Z   libvisual-0.4-0 libvorbisenc2 libvpx9 libwavpack1 libwayland-bin
2026-08-28T04:09:59.2323019Z   libwayland-dev libwayland-server0 libwebkit2gtk-4.1-0 libwebkit2gtk-4.1-dev
2026-08-28T04:09:59.2323470Z   libwebp-dev libwebpdecoder3 libwebrtc-audio-processing1 libx11-dev
2026-08-28T04:09:59.2323914Z   libxau-dev libxcb-render0-dev libxcb-shm0-dev libxcb1-dev libxcomposite-dev
2026-08-28T04:09:59.2324377Z   libxcursor-dev libxdamage-dev libxdmcp-dev libxdo-dev libxdo3 libxext-dev
2026-08-28T04:09:59.2324903Z   libxfixes-dev libxft-dev libxi-dev libxinerama-dev libxkbcommon-dev
2026-08-28T04:09:59.2325357Z   libxrandr-dev libxrender-dev libxtst-dev libxv1 pango1.0-tools python3-mako
2026-08-28T04:09:59.2325823Z   python3-markdown session-migration uuid-dev wayland-protocols x11proto-dev
2026-08-28T04:09:59.2326304Z   xdg-dbus-proxy xdg-desktop-portal xdg-desktop-portal-gtk xorg-sgml-doctools
2026-08-28T04:09:59.2326665Z   xtrans-dev
2026-08-28T04:09:59.2328200Z The following packages will be upgraded:
2026-08-28T04:09:59.2331002Z   libssl-dev libssl3t64 openssl
2026-08-28T04:09:59.2532117Z 3 upgraded, 191 newly installed, 0 to remove and 35 not upgraded.
2026-08-28T04:09:59.2532782Z Need to get 66.9 MB of archives.
2026-08-28T04:09:59.2533116Z After this operation, 268 MB of additional disk space will be used.
2026-08-28T04:09:59.2533504Z Get:1 file:/etc/apt/apt-mirrors.txt Mirrorlist [144 B]
2026-08-28T04:09:59.3216662Z Get:2 http://azure.archive.ubuntu.com/ubuntu noble-updates/main amd64 libssl-dev amd64 3.0.13-0ubuntu3.15 [2408 kB]
2026-08-28T04:10:02.1761079Z Get:3 http://azure.archive.ubuntu.com/ubuntu noble-updates/main amd64 libssl3t64 amd64 3.0.13-0ubuntu3.15 [1944 kB]
2026-08-28T04:10:04.6051878Z Get:4 http://azure.archive.ubuntu.com/ubuntu noble-updates/main amd64 openssl amd64 3.0.13-0ubuntu3.15 [1003 kB]
2026-08-28T04:10:06.1800758Z Get:5 http://azure.archive.ubuntu.com/ubuntu noble-updates/main amd64 bubblewrap amd64 0.9.0-1ubuntu0.1 [50.2 kB]
2026-08-28T04:10:06.2782264Z Get:6 http://azure.archive.ubuntu.com/ubuntu noble/main amd64 build-essential amd64 12.10ubuntu1 [4928 B]
2026-08-28T04:10:06.3266352Z Get:7 http://azure.archive.ubuntu.com/ubuntu noble-updates/main amd64 bzip2-doc all 1.0.8-5.1build0.1 [499 kB]
2026-08-28T04:10:06.8795221Z Get:8 http://azure.archive.ubuntu.com/ubuntu noble/main amd64 gir1.2-atk-1.0 amd64 2.52.0-1build1 [23.1 kB]
2026-08-28T04:10:06.9563804Z Get:9 http://azure.archive.ubuntu.com/ubuntu noble/main amd64 gir1.2-freedesktop amd64 1.80.1-1 [49.7 kB]
2026-08-28T04:10:07.1173028Z Get:10 http://azure.archive.ubuntu.com/ubuntu noble/main amd64 gir1.2-atspi-2.0 amd64 2.52.0-1build1 [19.8 kB]
2026-08-28T04:10:07.1778573Z Get:11 http://azure.archive.ubuntu.com/ubuntu noble-updates/main amd64 gir1.2-gdkpixbuf-2.0 amd64 2.42.10+dfsg-3ubuntu3.3 [9482 B]
2026-08-28T04:10:07.2286998Z Get:12 http://azure.archive.ubuntu.com/ubuntu noble/main amd64 libharfbuzz-gobject0 amd64 8.3.0-2build2 [34.3 kB]
2026-08-28T04:10:07.2968768Z Get:13 http://azure.archive.ubuntu.com/ubuntu noble/main amd64 gir1.2-harfbuzz-0.0 amd64 8.3.0-2build2 [44.5 kB]
2026-08-28T04:10:07.3811335Z Get:14 http://azure.archive.ubuntu.com/ubuntu noble/main amd64 libpangoxft-1.0-0 amd64 1.52.1+ds-1build1 [20.3 kB]
2026-08-28T04:10:07.4404496Z Get:15 http://azure.archive.ubuntu.com/ubuntu noble/main amd64 gir1.2-pango-1.0 amd64 1.52.1+ds-1build1 [34.8 kB]
2026-08-28T04:10:07.5109388Z Get:16 http://azure.archive.ubuntu.com/ubuntu noble-updates/main amd64 gir1.2-gtk-3.0 amd64 3.24.41-4ubuntu1.3 [245 kB]
2026-08-28T04:10:07.8082982Z Get:17 http://azure.archive.ubuntu.com/ubuntu noble/main amd64 libayatana-ido3-0.4-0 amd64 0.10.1-1build2 [56.6 kB]
2026-08-28T04:10:07.9253910Z Get:18 http://azure.archive.ubuntu.com/ubuntu noble/main amd64 libayatana-indicator3-7 amd64 0.9.4-1build1 [31.7 kB]
2026-08-28T04:10:07.9991495Z Get:19 http://azure.archive.ubuntu.com/ubuntu noble/main amd64 libayatana-appindicator3-1 amd64 0.5.93-1build3 [24.7 kB]
2026-08-28T04:10:08.1100439Z Get:20 http://azure.archive.ubuntu.com/ubuntu noble/main amd64 gir1.2-ayatanaappindicator3-0.1 amd64 0.5.93-1build3 [5838 B]
2026-08-28T04:10:08.1546757Z Get:21 http://azure.archive.ubuntu.com/ubuntu noble/main amd64 gir1.2-ayatanaido3-0.4 amd64 0.10.1-1build2 [6410 B]
2026-08-28T04:10:08.2004648Z Get:22 http://azure.archive.ubuntu.com/ubuntu noble/main amd64 gir1.2-dbusmenu-glib-0.4 amd64 18.10.20180917~bzr492+repack1-3.1ubuntu5 [7088 B]
2026-08-28T04:10:08.2596103Z Get:23 http://azure.archive.ubuntu.com/ubuntu noble-updates/main amd64 gir1.2-glib-2.0-dev amd64 2.80.0-6ubuntu3.8 [848 kB]
2026-08-28T04:10:09.2566775Z Get:24 http://azure.archive.ubuntu.com/ubuntu noble/main amd64 gir1.2-freedesktop-dev amd64 1.80.1-1 [28.8 kB]
2026-08-28T04:10:09.3354326Z Get:25 http://azure.archive.ubuntu.com/ubuntu noble/main amd64 gir1.2-girepository-2.0-dev amd64 1.80.1-1 [41.5 kB]
2026-08-28T04:10:09.4247078Z Get:26 http://azure.archive.ubuntu.com/ubuntu noble-updates/main amd64 libjavascriptcoregtk-4.1-0 amd64 2.52.3-0ubuntu0.24.04.1 [8141 kB]
2026-08-28T04:10:18.5933050Z Get:27 http://azure.archive.ubuntu.com/ubuntu noble-updates/main amd64 gir1.2-javascriptcoregtk-4.1 amd64 2.52.3-0ubuntu0.24.04.1 [38.6 kB]
2026-08-28T04:10:18.6774185Z Get:28 http://azure.archive.ubuntu.com/ubuntu noble/main amd64 librsvg2-2 amd64 2.58.0+dfsg-1build1 [2135 kB]
2026-08-28T04:10:21.1689281Z Get:29 http://azure.archive.ubuntu.com/ubuntu noble/main amd64 gir1.2-rsvg-2.0 amd64 2.58.0+dfsg-1build1 [11.1 kB]
2026-08-28T04:10:21.2231437Z Get:30 http://azure.archive.ubuntu.com/ubuntu noble/main amd64 libproxy1v5 amd64 0.5.4-4build1 [26.5 kB]
2026-08-28T04:10:21.2985257Z Get:31 http://azure.archive.ubuntu.com/ubuntu noble/main amd64 glib-networking-common all 2.80.0-1build1 [6702 B]
2026-08-28T04:10:21.3386469Z Get:32 http://azure.archive.ubuntu.com/ubuntu noble/main amd64 glib-networking-services amd64 2.80.0-1build1 [12.8 kB]
2026-08-28T04:10:21.3909249Z Get:33 http://azure.archive.ubuntu.com/ubuntu noble/main amd64 session-migration amd64 0.3.9build1 [9034 B]
2026-08-28T04:10:21.4439122Z Get:34 http://azure.archive.ubuntu.com/ubuntu noble-updates/main amd64 gsettings-desktop-schemas all 46.1-0ubuntu1 [35.6 kB]
2026-08-28T04:10:21.5269519Z Get:35 http://azure.archive.ubuntu.com/ubuntu noble/main amd64 glib-networking amd64 2.80.0-1build1 [64.1 kB]
2026-08-28T04:10:21.6391286Z Get:36 http://azure.archive.ubuntu.com/ubuntu noble-updates/main amd64 libsoup-3.0-common all 3.4.4-5ubuntu0.7 [11.6 kB]
2026-08-28T04:10:21.7422223Z Get:37 http://azure.archive.ubuntu.com/ubuntu noble-updates/main amd64 libsoup-3.0-0 amd64 3.4.4-5ubuntu0.7 [292 kB]
2026-08-28T04:10:22.1777561Z Get:38 http://azure.archive.ubuntu.com/ubuntu noble-updates/main amd64 gir1.2-soup-3.0 amd64 3.4.4-5ubuntu0.7 [22.5 kB]
2026-08-28T04:10:22.2449254Z Get:39 http://azure.archive.ubuntu.com/ubuntu noble/main amd64 libcdparanoia0 amd64 3.10.2+debian-14build3 [48.5 kB]
2026-08-28T04:10:22.3386194Z Get:40 http://azure.archive.ubuntu.com/ubuntu noble-updates/main amd64 liborc-0.4-0t64 amd64 1:0.4.38-1ubuntu0.1 [207 kB]
2026-08-28T04:10:22.6141800Z Get:41 http://azure.archive.ubuntu.com/ubuntu noble-updates/main amd64 libgstreamer-plugins-base1.0-0 amd64 1.24.2-1ubuntu0.4 [862 kB]
2026-08-28T04:10:23.6307198Z Get:42 http://azure.archive.ubuntu.com/ubuntu noble/main amd64 libopus0 amd64 1.4-1build1 [208 kB]
2026-08-28T04:10:23.9010949Z Get:43 http://azure.archive.ubuntu.com/ubuntu noble/main amd64 libtheora0 amd64 1.1.1+dfsg.1-16.1build3 [211 kB]
2026-08-28T04:10:24.2102594Z Get:44 http://azure.archive.ubuntu.com/ubuntu noble/main amd64 libvisual-0.4-0 amd64 0.4.2-2build1 [115 kB]
2026-08-28T04:10:24.4004263Z Get:45 http://azure.archive.ubuntu.com/ubuntu noble/main amd64 libvorbisenc2 amd64 1.3.7-1build3 [80.8 kB]
2026-08-28T04:10:24.5259051Z Get:46 http://azure.archive.ubuntu.com/ubuntu noble-updates/main amd64 gstreamer1.0-plugins-base amd64 1.24.2-1ubuntu0.4 [721 kB]
2026-08-28T04:10:25.4698784Z Get:47 http://azure.archive.ubuntu.com/ubuntu noble/main amd64 libaa1 amd64 1.4p5-51.1 [49.9 kB]
2026-08-28T04:10:25.5772434Z Get:48 http://azure.archive.ubuntu.com/ubuntu noble/main amd64 libraw1394-11 amd64 2.1.2-2build3 [26.2 kB]
2026-08-28T04:10:25.6505385Z Get:49 http://azure.archive.ubuntu.com/ubuntu noble/main amd64 libavc1394-0 amd64 0.5.4-5build3 [15.4 kB]
2026-08-28T04:10:25.7075134Z Get:50 http://azure.archive.ubuntu.com/ubuntu noble-updates/main amd64 libcaca0 amd64 0.99.beta20-4ubuntu0.2 [209 kB]
2026-08-28T04:10:25.9721534Z Get:51 http://azure.archive.ubuntu.com/ubuntu noble/main amd64 libdv4t64 amd64 1.0.0-17.1build1 [63.2 kB]
2026-08-28T04:10:26.0879207Z Get:52 http://azure.archive.ubuntu.com/ubuntu noble/main amd64 libflac12t64 amd64 1.4.3+ds-2.1ubuntu2 [197 kB]
2026-08-28T04:10:26.3745115Z Get:53 http://azure.archive.ubuntu.com/ubuntu noble-updates/main amd64 libgstreamer-plugins-good1.0-0 amd64 1.24.2-1ubuntu1.5 [33.5 kB]
2026-08-28T04:10:26.4545202Z Get:54 http://azure.archive.ubuntu.com/ubuntu noble/main amd64 libiec61883-0 amd64 1.2.0-6build1 [24.5 kB]
2026-08-28T04:10:26.5192507Z Get:55 http://azure.archive.ubuntu.com/ubuntu noble/main amd64 libmp3lame0 amd64 3.100-6build1 [142 kB]
2026-08-28T04:10:26.7577039Z Get:56 http://azure.archive.ubuntu.com/ubuntu noble-updates/main amd64 libmpg123-0t64 amd64 1.32.5-1ubuntu1.1 [169 kB]
2026-08-28T04:10:27.0002958Z Get:57 http://azure.archive.ubuntu.com/ubuntu noble/main amd64 libasyncns0 amd64 0.8-6build4 [11.3 kB]
2026-08-28T04:10:27.0865208Z Get:58 http://azure.archive.ubuntu.com/ubuntu noble-updates/main amd64 libsndfile1 amd64 1.2.2-1ubuntu5.24.04.1 [209 kB]
2026-08-28T04:10:27.3611065Z Get:59 http://azure.archive.ubuntu.com/ubuntu noble-updates/main amd64 libpulse0 amd64 1:16.1+dfsg1-2ubuntu10.1 [292 kB]
2026-08-28T04:10:27.7359932Z Get:60 http://azure.archive.ubuntu.com/ubuntu noble-updates/main amd64 libspeex1 amd64 1.2.1-2ubuntu2.24.04.1 [59.6 kB]
2026-08-28T04:10:27.8419550Z Get:61 http://azure.archive.ubuntu.com/ubuntu noble/main amd64 libshout3 amd64 2.4.6-1build2 [50.3 kB]
2026-08-28T04:10:28.5372693Z Get:62 http://azure.archive.ubuntu.com/ubuntu noble/main amd64 libtag1v5-vanilla amd64 1.13.1-1build1 [326 kB]
2026-08-28T04:10:28.9805315Z Get:63 http://azure.archive.ubuntu.com/ubuntu noble/main amd64 libtag1v5 amd64 1.13.1-1build1 [11.7 kB]
2026-08-28T04:10:29.0484325Z Get:64 http://azure.archive.ubuntu.com/ubuntu noble/main amd64 libtwolame0 amd64 0.4.0-2build3 [52.3 kB]
2026-08-28T04:10:29.2087417Z Get:65 http://azure.archive.ubuntu.com/ubuntu noble/main amd64 libv4lconvert0t64 amd64 1.26.1-4build3 [87.6 kB]
2026-08-28T04:10:29.3652843Z Get:66 http://azure.archive.ubuntu.com/ubuntu noble/main amd64 libv4l-0t64 amd64 1.26.1-4build3 [46.9 kB]
2026-08-28T04:10:29.4657599Z Get:67 http://azure.archive.ubuntu.com/ubuntu noble-updates/main amd64 libvpx9 amd64 1.14.0-1ubuntu2.3 [1143 kB]
2026-08-28T04:10:31.1201457Z Get:68 http://azure.archive.ubuntu.com/ubuntu noble/main amd64 libwavpack1 amd64 5.6.0-1build1 [84.6 kB]
2026-08-28T04:10:31.2728268Z Get:69 http://azure.archive.ubuntu.com/ubuntu noble-updates/main amd64 gstreamer1.0-plugins-good amd64 1.24.2-1ubuntu1.5 [2236 kB]
2026-08-28T04:10:33.8810946Z Get:70 http://azure.archive.ubuntu.com/ubuntu noble/main amd64 libgles2 amd64 1.7.0-1build1 [17.1 kB]
2026-08-28T04:10:33.9504010Z Get:71 http://azure.archive.ubuntu.com/ubuntu noble-updates/main amd64 xdg-dbus-proxy amd64 0.1.5-1ubuntu0.2 [26.4 kB]
2026-08-28T04:10:34.0214866Z Get:72 http://azure.archive.ubuntu.com/ubuntu noble-updates/main amd64 libegl-mesa0 amd64 25.2.8-0ubuntu0.24.04.2 [117 kB]
2026-08-28T04:10:34.2145478Z Get:73 http://azure.archive.ubuntu.com/ubuntu noble/main amd64 libegl1 amd64 1.7.0-1build1 [28.7 kB]
2026-08-28T04:10:34.2903716Z Get:74 http://azure.archive.ubuntu.com/ubuntu noble-updates/main amd64 libgstreamer-gl1.0-0 amd64 1.24.2-1ubuntu0.4 [214 kB]
2026-08-28T04:10:34.5871946Z Get:75 http://azure.archive.ubuntu.com/ubuntu noble/main amd64 libharfbuzz-icu0 amd64 8.3.0-2build2 [13.3 kB]
2026-08-28T04:10:34.6458434Z Get:76 http://azure.archive.ubuntu.com/ubuntu noble/main amd64 libhyphen0 amd64 2.8.8-7build3 [26.5 kB]
2026-08-28T04:10:34.7266595Z Get:77 http://azure.archive.ubuntu.com/ubuntu noble/main amd64 libmanette-0.2-0 amd64 0.2.7-1build2 [30.6 kB]
2026-08-28T04:10:34.8115367Z Get:78 http://azure.archive.ubuntu.com/ubuntu noble/main amd64 libsecret-common all 0.21.4-1build3 [4962 B]
2026-08-28T04:10:34.8663535Z Get:79 http://azure.archive.ubuntu.com/ubuntu noble/main amd64 libsecret-1-0 amd64 0.21.4-1build3 [116 kB]
2026-08-28T04:10:35.0681659Z Get:80 http://azure.archive.ubuntu.com/ubuntu noble/main amd64 libwayland-server0 amd64 1.22.0-2.1build1 [33.9 kB]
2026-08-28T04:10:35.1609208Z Get:81 http://azure.archive.ubuntu.com/ubuntu noble-updates/main amd64 libwebkit2gtk-4.1-0 amd64 2.52.3-0ubuntu0.24.04.1 [25.1 MB]
2026-08-28T04:11:01.3782589Z Get:82 http://azure.archive.ubuntu.com/ubuntu noble-updates/main amd64 gir1.2-webkit2-4.1 amd64 2.52.3-0ubuntu0.24.04.1 [105 kB]
2026-08-28T04:11:01.5355873Z Get:83 http://azure.archive.ubuntu.com/ubuntu noble-updates/main amd64 python3-mako all 1.3.2-1ubuntu0.1 [63.4 kB]
2026-08-28T04:11:01.6495042Z Get:84 http://azure.archive.ubuntu.com/ubuntu noble/main amd64 python3-markdown all 3.5.2-1 [72.0 kB]
2026-08-28T04:11:01.7882741Z Get:85 http://azure.archive.ubuntu.com/ubuntu noble/main amd64 gobject-introspection-bin amd64 1.80.1-1 [254 kB]
2026-08-28T04:11:02.1170116Z Get:86 http://azure.archive.ubuntu.com/ubuntu noble-updates/main amd64 libglib2.0-dev-bin amd64 2.80.0-6ubuntu3.8 [138 kB]
2026-08-28T04:11:02.2942193Z Get:87 http://azure.archive.ubuntu.com/ubuntu noble-updates/main amd64 uuid-dev amd64 2.39.3-9ubuntu6.5 [33.5 kB]
2026-08-28T04:11:02.3715728Z Get:88 http://azure.archive.ubuntu.com/ubuntu noble-updates/main amd64 libblkid-dev amd64 2.39.3-9ubuntu6.5 [204 kB]
2026-08-28T04:11:02.6218473Z Get:89 http://azure.archive.ubuntu.com/ubuntu noble/main amd64 libsepol-dev amd64 3.5-2build1 [384 kB]
2026-08-28T04:11:03.0622855Z Get:90 http://azure.archive.ubuntu.com/ubuntu noble-updates/main amd64 libselinux1-dev amd64 3.5-2ubuntu2.1 [164 kB]
2026-08-28T04:11:03.2767233Z Get:91 http://azure.archive.ubuntu.com/ubuntu noble-updates/main amd64 libmount-dev amd64 2.39.3-9ubuntu6.5 [14.9 kB]
2026-08-28T04:11:03.3240555Z Get:92 http://azure.archive.ubuntu.com/ubuntu noble-updates/main amd64 libgirepository-2.0-0 amd64 2.80.0-6ubuntu3.8 [73.6 kB]
2026-08-28T04:11:03.4657626Z Get:93 http://azure.archive.ubuntu.com/ubuntu noble-updates/main amd64 libglib2.0-dev amd64 2.80.0-6ubuntu3.8 [1860 kB]
2026-08-28T04:11:05.3023605Z Get:94 http://azure.archive.ubuntu.com/ubuntu noble/main amd64 gobject-introspection amd64 1.80.1-1 [105 kB]
2026-08-28T04:11:05.4371484Z Get:95 http://azure.archive.ubuntu.com/ubuntu noble/main amd64 libgraphene-1.0-0 amd64 1.10.8-3build2 [46.2 kB]
2026-08-28T04:11:05.5225171Z Get:96 http://azure.archive.ubuntu.com/ubuntu noble-updates/main amd64 gstreamer1.0-gl amd64 1.24.2-1ubuntu0.4 [116 kB]
2026-08-28T04:11:05.6717841Z Get:97 http://azure.archive.ubuntu.com/ubuntu noble/main amd64 libxv1 amd64 2:1.0.11-1.1build1 [10.7 kB]
2026-08-28T04:11:05.7168625Z Get:98 http://azure.archive.ubuntu.com/ubuntu noble-updates/main amd64 gstreamer1.0-x amd64 1.24.2-1ubuntu0.4 [85.0 kB]
2026-08-28T04:11:05.8319880Z Get:99 http://azure.archive.ubuntu.com/ubuntu noble/main amd64 libatk1.0-dev amd64 2.52.0-1build1 [100 kB]
2026-08-28T04:11:05.9695716Z Get:100 http://azure.archive.ubuntu.com/ubuntu noble-updates/main amd64 libdbus-1-dev amd64 1.14.10-4ubuntu4.1 [190 kB]
2026-08-28T04:11:06.1788911Z Get:101 http://azure.archive.ubuntu.com/ubuntu noble/main amd64 xorg-sgml-doctools all 1:1.11-1.1 [10.9 kB]
2026-08-28T04:11:06.2304988Z Get:102 http://azure.archive.ubuntu.com/ubuntu noble/main amd64 x11proto-dev all 2023.2-1 [602 kB]
2026-08-28T04:11:06.8461383Z Get:103 http://azure.archive.ubuntu.com/ubuntu noble/main amd64 libxau-dev amd64 1:1.0.9-1build6 [9570 B]
2026-08-28T04:11:06.8970727Z Get:104 http://azure.archive.ubuntu.com/ubuntu noble/main amd64 libxdmcp-dev amd64 1:1.1.3-0ubuntu6 [26.5 kB]
2026-08-28T04:11:06.9566140Z Get:105 http://azure.archive.ubuntu.com/ubuntu noble/main amd64 xtrans-dev all 1.4.0-1 [68.9 kB]
2026-08-28T04:11:07.0485340Z Get:106 http://azure.archive.ubuntu.com/ubuntu noble/main amd64 libpthread-stubs0-dev amd64 0.4-1build3 [4746 B]
2026-08-28T04:11:07.0899290Z Get:107 http://azure.archive.ubuntu.com/ubuntu noble/main amd64 libxcb1-dev amd64 1.15-1ubuntu2 [85.8 kB]
2026-08-28T04:11:07.2031430Z Get:108 http://azure.archive.ubuntu.com/ubuntu noble/main amd64 libx11-dev amd64 2:1.8.7-1build1 [732 kB]
2026-08-28T04:11:07.9387579Z Get:109 http://azure.archive.ubuntu.com/ubuntu noble/main amd64 libxext-dev amd64 2:1.3.4-1build2 [83.5 kB]
2026-08-28T04:11:08.0629380Z Get:110 http://azure.archive.ubuntu.com/ubuntu noble/main amd64 libxfixes-dev amd64 1:6.0.0-2build1 [12.1 kB]
2026-08-28T04:11:08.1167470Z Get:111 http://azure.archive.ubuntu.com/ubuntu noble/main amd64 libxi-dev amd64 2:1.8.1-1build1 [194 kB]
2026-08-28T04:11:08.3345313Z Get:112 http://azure.archive.ubuntu.com/ubuntu noble/main amd64 libxtst-dev amd64 2:1.2.3-1.1build1 [15.9 kB]
2026-08-28T04:11:08.3841625Z Get:113 http://azure.archive.ubuntu.com/ubuntu noble/main amd64 libatspi2.0-dev amd64 2.52.0-1build1 [76.2 kB]
2026-08-28T04:11:08.5100021Z Get:114 http://azure.archive.ubuntu.com/ubuntu noble/main amd64 libatk-bridge2.0-dev amd64 2.52.0-1build1 [4284 B]
2026-08-28T04:11:08.5519185Z Get:115 http://azure.archive.ubuntu.com/ubuntu noble/main amd64 libcairo-script-interpreter2 amd64 1.18.0-3build1 [60.3 kB]
2026-08-28T04:11:08.6511356Z Get:116 http://azure.archive.ubuntu.com/ubuntu noble/main amd64 libbrotli-dev amd64 1.1.0-2build2 [353 kB]
2026-08-28T04:11:09.0118380Z Get:117 http://azure.archive.ubuntu.com/ubuntu noble-updates/main amd64 libbz2-dev amd64 1.0.8-5.1build0.1 [33.6 kB]
2026-08-28T04:11:09.0860877Z Get:118 http://azure.archive.ubuntu.com/ubuntu noble-updates/main amd64 libpng-dev amd64 1.6.43-5ubuntu0.6 [265 kB]
2026-08-28T04:11:09.3811436Z Get:119 http://azure.archive.ubuntu.com/ubuntu noble-updates/main amd64 libfreetype-dev amd64 2.13.2+dfsg-1ubuntu0.1 [575 kB]
2026-08-28T04:11:09.9389171Z Get:120 http://azure.archive.ubuntu.com/ubuntu noble/main amd64 libfontconfig-dev amd64 2.15.0-1.1ubuntu2 [161 kB]
2026-08-28T04:11:10.1737363Z Get:121 http://azure.archive.ubuntu.com/ubuntu noble/main amd64 libpixman-1-dev amd64 0.42.2-1build1 [296 kB]
2026-08-28T04:11:10.5076650Z Get:122 http://azure.archive.ubuntu.com/ubuntu noble/main amd64 libice-dev amd64 2:1.0.10-1build3 [51.0 kB]
2026-08-28T04:11:10.5949767Z Get:123 http://azure.archive.ubuntu.com/ubuntu noble/main amd64 libsm-dev amd64 2:1.2.3-1build3 [17.8 kB]
2026-08-28T04:11:10.6602209Z Get:124 http://azure.archive.ubuntu.com/ubuntu noble/main amd64 libxcb-render0-dev amd64 1.15-1ubuntu2 [19.6 kB]
2026-08-28T04:11:10.7140269Z Get:125 http://azure.archive.ubuntu.com/ubuntu noble/main amd64 libxcb-shm0-dev amd64 1.15-1ubuntu2 [8246 B]
2026-08-28T04:11:10.7595061Z Get:126 http://azure.archive.ubuntu.com/ubuntu noble/main amd64 libxrender-dev amd64 1:0.9.10-1.1build1 [26.3 kB]
2026-08-28T04:11:10.8199875Z Get:127 http://azure.archive.ubuntu.com/ubuntu noble/main amd64 libcairo2-dev amd64 1.18.0-3build1 [41.1 kB]
2026-08-28T04:11:10.8981054Z Get:128 http://azure.archive.ubuntu.com/ubuntu noble/main amd64 libglx-dev amd64 1.7.0-1build1 [14.2 kB]
2026-08-28T04:11:10.9484598Z Get:129 http://azure.archive.ubuntu.com/ubuntu noble/main amd64 libgl-dev amd64 1.7.0-1build1 [102 kB]
2026-08-28T04:11:11.0931630Z Get:130 http://azure.archive.ubuntu.com/ubuntu noble/main amd64 libegl-dev amd64 1.7.0-1build1 [18.2 kB]
2026-08-28T04:11:11.1500637Z Get:131 http://azure.archive.ubuntu.com/ubuntu noble/main amd64 libglvnd-core-dev amd64 1.7.0-1build1 [13.6 kB]
2026-08-28T04:11:11.2002323Z Get:132 http://azure.archive.ubuntu.com/ubuntu noble/main amd64 libgles1 amd64 1.7.0-1build1 [11.6 kB]
2026-08-28T04:11:11.2523467Z Get:133 http://azure.archive.ubuntu.com/ubuntu noble/main amd64 libgles-dev amd64 1.7.0-1build1 [50.5 kB]
2026-08-28T04:11:11.3389282Z Get:134 http://azure.archive.ubuntu.com/ubuntu noble/main amd64 libopengl0 amd64 1.7.0-1build1 [32.8 kB]
2026-08-28T04:11:11.4038415Z Get:135 http://azure.archive.ubuntu.com/ubuntu noble/main amd64 libopengl-dev amd64 1.7.0-1build1 [3454 B]
2026-08-28T04:11:11.4407361Z Get:136 http://azure.archive.ubuntu.com/ubuntu noble/main amd64 libglvnd-dev amd64 1.7.0-1build1 [3198 B]
2026-08-28T04:11:11.4787468Z Get:137 http://azure.archive.ubuntu.com/ubuntu noble-updates/main amd64 libegl1-mesa-dev amd64 25.2.8-0ubuntu0.24.04.2 [26.7 kB]
2026-08-28T04:11:11.5521040Z Get:138 http://azure.archive.ubuntu.com/ubuntu noble/main amd64 libepoxy-dev amd64 1.5.10-1build1 [132 kB]
2026-08-28T04:11:11.7189884Z Get:139 http://azure.archive.ubuntu.com/ubuntu noble/main amd64 libfribidi-dev amd64 1.0.13-3build1 [64.8 kB]
2026-08-28T04:11:11.8577862Z Get:140 http://azure.archive.ubuntu.com/ubuntu noble-updates/main amd64 libgdk-pixbuf2.0-bin amd64 2.42.10+dfsg-3ubuntu3.3 [13.9 kB]
2026-08-28T04:11:11.9141386Z Get:141 http://azure.archive.ubuntu.com/ubuntu noble/main amd64 libjpeg-turbo8-dev amd64 2.1.5-2ubuntu2 [295 kB]
2026-08-28T04:11:12.2353925Z Get:142 http://azure.archive.ubuntu.com/ubuntu noble/main amd64 libjpeg8-dev amd64 8c-2ubuntu11 [1484 B]
2026-08-28T04:11:12.2759751Z Get:143 http://azure.archive.ubuntu.com/ubuntu noble/main amd64 libjpeg-dev amd64 8c-2ubuntu11 [1482 B]
2026-08-28T04:11:12.3123349Z Get:144 http://azure.archive.ubuntu.com/ubuntu noble/main amd64 libjbig-dev amd64 2.1-6.1ubuntu2 [27.9 kB]
2026-08-28T04:11:12.3764579Z Get:145 http://azure.archive.ubuntu.com/ubuntu noble-updates/main amd64 liblzma-dev amd64 5.6.1+really5.4.5-1ubuntu0.3 [176 kB]
2026-08-28T04:11:12.5703300Z Get:146 http://azure.archive.ubuntu.com/ubuntu noble/main amd64 libwebpdecoder3 amd64 1.3.2-0.4build3 [114 kB]
2026-08-28T04:11:12.7111206Z Get:147 http://azure.archive.ubuntu.com/ubuntu noble/main amd64 libsharpyuv-dev amd64 1.3.2-0.4build3 [16.0 kB]
2026-08-28T04:11:12.7704957Z Get:148 http://azure.archive.ubuntu.com/ubuntu noble/main amd64 libwebp-dev amd64 1.3.2-0.4build3 [367 kB]
2026-08-28T04:11:13.7403879Z Get:149 http://azure.archive.ubuntu.com/ubuntu noble-updates/main amd64 libtiffxx6 amd64 4.5.1+git230720-4ubuntu2.5 [5642 B]
2026-08-28T04:11:13.7874512Z Get:150 http://azure.archive.ubuntu.com/ubuntu noble-updates/main amd64 libdeflate-dev amd64 1.19-1build1.1 [50.9 kB]
2026-08-28T04:11:13.8739379Z Get:151 http://azure.archive.ubuntu.com/ubuntu noble/main amd64 liblerc-dev amd64 4.0.0+ds-4ubuntu2 [182 kB]
2026-08-28T04:11:14.1273875Z Get:152 http://azure.archive.ubuntu.com/ubuntu noble-updates/main amd64 libtiff-dev amd64 4.5.1+git230720-4ubuntu2.5 [338 kB]
2026-08-28T04:11:14.4659464Z Get:153 http://azure.archive.ubuntu.com/ubuntu noble-updates/main amd64 libgdk-pixbuf-2.0-dev amd64 2.42.10+dfsg-3ubuntu3.3 [47.9 kB]
2026-08-28T04:11:14.5480869Z Get:154 http://azure.archive.ubuntu.com/ubuntu noble/main amd64 libharfbuzz-subset0 amd64 8.3.0-2build2 [448 kB]
2026-08-28T04:11:15.0251450Z Get:155 http://azure.archive.ubuntu.com/ubuntu noble/main amd64 libharfbuzz-cairo0 amd64 8.3.0-2build2 [26.2 kB]
2026-08-28T04:11:15.0942905Z Get:156 http://azure.archive.ubuntu.com/ubuntu noble-updates/main amd64 libgraphite2-dev amd64 1.3.14-2ubuntu0.24.04.1 [14.7 kB]
2026-08-28T04:11:15.1453443Z Get:157 http://azure.archive.ubuntu.com/ubuntu noble/main amd64 libharfbuzz-dev amd64 8.3.0-2build2 [142 kB]
2026-08-28T04:11:15.3072021Z Get:158 http://azure.archive.ubuntu.com/ubuntu noble/main amd64 libdatrie-dev amd64 0.2.13-3build1 [19.4 kB]
2026-08-28T04:11:15.3609986Z Get:159 http://azure.archive.ubuntu.com/ubuntu noble/main amd64 libthai-dev amd64 0.1.29-2build1 [26.6 kB]
2026-08-28T04:11:15.4167553Z Get:160 http://azure.archive.ubuntu.com/ubuntu noble/main amd64 libxft-dev amd64 2.3.6-1build1 [64.3 kB]
2026-08-28T04:11:15.5125183Z Get:161 http://azure.archive.ubuntu.com/ubuntu noble/main amd64 pango1.0-tools amd64 1.52.1+ds-1build1 [36.7 kB]
2026-08-28T04:11:15.6001747Z Get:162 http://azure.archive.ubuntu.com/ubuntu noble/main amd64 libpango1.0-dev amd64 1.52.1+ds-1build1 [147 kB]
2026-08-28T04:11:15.7977674Z Get:163 http://azure.archive.ubuntu.com/ubuntu noble/main amd64 libwayland-bin amd64 1.22.0-2.1build1 [20.6 kB]
2026-08-28T04:11:15.8614180Z Get:164 http://azure.archive.ubuntu.com/ubuntu noble/main amd64 libwayland-dev amd64 1.22.0-2.1build1 [71.3 kB]
2026-08-28T04:11:15.9614566Z Get:165 http://azure.archive.ubuntu.com/ubuntu noble/main amd64 libxcomposite-dev amd64 1:0.4.5-1build3 [9374 B]
2026-08-28T04:11:16.0086061Z Get:166 http://azure.archive.ubuntu.com/ubuntu noble/main amd64 libxcursor-dev amd64 1:1.2.1-1build1 [31.8 kB]
2026-08-28T04:11:16.0820470Z Get:167 http://azure.archive.ubuntu.com/ubuntu noble/main amd64 libxdamage-dev amd64 1:1.1.6-1build1 [5270 B]
2026-08-28T04:11:16.1288261Z Get:168 http://azure.archive.ubuntu.com/ubuntu noble/main amd64 libxinerama-dev amd64 2:1.1.4-3build1 [7988 B]
2026-08-28T04:11:16.1704330Z Get:169 http://azure.archive.ubuntu.com/ubuntu noble/main amd64 libxkbcommon-dev amd64 1.6.0-1build1 [56.3 kB]
2026-08-28T04:11:16.2713760Z Get:170 http://azure.archive.ubuntu.com/ubuntu noble/main amd64 libxrandr-dev amd64 2:1.5.2-2build1 [26.4 kB]
2026-08-28T04:11:16.3433992Z Get:171 http://azure.archive.ubuntu.com/ubuntu noble-updates/main amd64 wayland-protocols all 1.45-1~ubuntu0.24.04.2 [114 kB]
2026-08-28T04:11:16.5304686Z Get:172 http://azure.archive.ubuntu.com/ubuntu noble-updates/main amd64 libgtk-3-dev amd64 3.24.41-4ubuntu1.3 [1096 kB]
2026-08-28T04:11:17.6767776Z Get:173 http://azure.archive.ubuntu.com/ubuntu noble/main amd64 libayatana-ido3-dev amd64 0.10.1-1build2 [14.2 kB]
2026-08-28T04:11:17.7262728Z Get:174 http://azure.archive.ubuntu.com/ubuntu noble/main amd64 libayatana-indicator3-dev amd64 0.9.4-1build1 [6956 B]
2026-08-28T04:11:17.7718082Z Get:175 http://azure.archive.ubuntu.com/ubuntu noble/main amd64 libdbusmenu-glib-dev amd64 18.10.20180917~bzr492+repack1-3.1ubuntu5 [70.6 kB]
2026-08-28T04:11:17.8816540Z Get:176 http://azure.archive.ubuntu.com/ubuntu noble/main amd64 libayatana-appindicator3-dev amd64 0.5.93-1build3 [14.9 kB]
2026-08-28T04:11:17.9700691Z Get:177 http://azure.archive.ubuntu.com/ubuntu noble/main amd64 libgirepository-1.0-dev amd64 1.80.1-1 [28.5 kB]
2026-08-28T04:11:18.0332368Z Get:178 http://azure.archive.ubuntu.com/ubuntu noble/main amd64 libgirepository1.0-dev amd64 1.80.1-1 [17.0 kB]
2026-08-28T04:11:18.0903820Z Get:179 http://azure.archive.ubuntu.com/ubuntu noble-updates/universe amd64 libjavascriptcoregtk-4.1-dev amd64 2.52.3-0ubuntu0.24.04.1 [69.8 kB]
2026-08-28T04:11:18.1902715Z Get:180 http://azure.archive.ubuntu.com/ubuntu noble-updates/main amd64 libnghttp2-dev amd64 1.59.0-1ubuntu0.4 [117 kB]
2026-08-28T04:11:18.3399494Z Get:181 http://azure.archive.ubuntu.com/ubuntu noble/main amd64 libwebrtc-audio-processing1 amd64 0.3.1-0ubuntu6 [290 kB]
2026-08-28T04:11:18.6706102Z Get:182 http://azure.archive.ubuntu.com/ubuntu noble-updates/main amd64 libspa-0.2-modules amd64 1.0.5-1ubuntu3.3 [628 kB]
2026-08-28T04:11:19.2772455Z Get:183 http://azure.archive.ubuntu.com/ubuntu noble-updates/main amd64 libpipewire-0.3-0t64 amd64 1.0.5-1ubuntu3.3 [252 kB]
2026-08-28T04:11:19.5770182Z Get:184 http://azure.archive.ubuntu.com/ubuntu noble-updates/main amd64 libpipewire-0.3-common all 1.0.5-1ubuntu3.3 [19.5 kB]
2026-08-28T04:11:19.6251488Z Get:185 http://azure.archive.ubuntu.com/ubuntu noble-updates/main amd64 libpng-tools amd64 1.6.43-5ubuntu0.6 [28.5 kB]
2026-08-28T04:11:19.6891224Z Get:186 http://azure.archive.ubuntu.com/ubuntu noble/main amd64 libpsl-dev amd64 0.21.2-1.1build1 [76.4 kB]
2026-08-28T04:11:19.7954092Z Get:187 http://azure.archive.ubuntu.com/ubuntu noble/main amd64 librsvg2-common amd64 2.58.0+dfsg-1build1 [11.8 kB]
2026-08-28T04:11:19.8473084Z Get:188 http://azure.archive.ubuntu.com/ubuntu noble/universe amd64 librsvg2-dev amd64 2.58.0+dfsg-1build1 [38.0 kB]
2026-08-28T04:11:19.9195480Z Get:189 http://azure.archive.ubuntu.com/ubuntu noble/universe amd64 libsysprof-capture-4-dev amd64 46.0-1build1 [51.0 kB]
2026-08-28T04:11:20.0040511Z Get:190 http://azure.archive.ubuntu.com/ubuntu noble-updates/universe amd64 libsoup-3.0-dev amd64 3.4.4-5ubuntu0.7 [105 kB]
2026-08-28T04:11:20.1389060Z Get:191 http://azure.archive.ubuntu.com/ubuntu noble-updates/universe amd64 libwebkit2gtk-4.1-dev amd64 2.52.3-0ubuntu0.24.04.1 [290 kB]
2026-08-28T04:11:20.4293900Z Get:192 http://azure.archive.ubuntu.com/ubuntu noble-updates/main amd64 xdg-desktop-portal amd64 1.18.4-1ubuntu2.24.04.2 [307 kB]
2026-08-28T04:11:20.7760363Z Get:193 http://azure.archive.ubuntu.com/ubuntu noble/main amd64 xdg-desktop-portal-gtk amd64 1.15.1-1build2 [80.3 kB]
2026-08-28T04:11:20.9448489Z Get:194 http://azure.archive.ubuntu.com/ubuntu noble/universe amd64 libxdo3 amd64 1:3.20160805.1-5build1 [22.2 kB]
2026-08-28T04:11:21.0017050Z Get:195 http://azure.archive.ubuntu.com/ubuntu noble/universe amd64 libxdo-dev amd64 1:3.20160805.1-5build1 [69.1 kB]
2026-08-28T04:11:21.5249863Z Fetched 66.9 MB in 1min 22s (818 kB/s)
2026-08-28T04:11:21.5725212Z (Reading database ... 
2026-08-28T04:11:21.5725606Z (Reading database ... 5%
2026-08-28T04:11:21.5725891Z (Reading database ... 10%
2026-08-28T04:11:21.5726123Z (Reading database ... 15%
2026-08-28T04:11:21.5726502Z (Reading database ... 20%
2026-08-28T04:11:21.5726831Z (Reading database ... 25%
2026-08-28T04:11:21.5727155Z (Reading database ... 30%
2026-08-28T04:11:21.5728215Z (Reading database ... 35%
2026-08-28T04:11:21.5728755Z (Reading database ... 40%
2026-08-28T04:11:21.5729120Z (Reading database ... 45%
2026-08-28T04:11:21.5729435Z (Reading database ... 50%
2026-08-28T04:11:21.5779956Z (Reading database ... 55%
2026-08-28T04:11:21.6102486Z (Reading database ... 60%
2026-08-28T04:11:21.7985232Z (Reading database ... 65%
2026-08-28T04:11:22.0175745Z (Reading database ... 70%
2026-08-28T04:11:22.2081094Z (Reading database ... 75%
2026-08-28T04:11:22.3609663Z (Reading database ... 80%
2026-08-28T04:11:22.5568429Z (Reading database ... 85%
2026-08-28T04:11:22.7488929Z (Reading database ... 90%
2026-08-28T04:11:22.9639653Z (Reading database ... 95%
2026-08-28T04:11:22.9640172Z (Reading database ... 100%
2026-08-28T04:11:22.9640681Z (Reading database ... 203385 files and directories currently installed.)
2026-08-28T04:11:22.9685596Z Preparing to unpack .../libssl-dev_3.0.13-0ubuntu3.15_amd64.deb ...
2026-08-28T04:11:22.9831378Z Unpacking libssl-dev:amd64 (3.0.13-0ubuntu3.15) over (3.0.13-0ubuntu3.12) ...
2026-08-28T04:11:23.2804583Z Preparing to unpack .../libssl3t64_3.0.13-0ubuntu3.15_amd64.deb ...
2026-08-28T04:11:23.2857631Z Unpacking libssl3t64:amd64 (3.0.13-0ubuntu3.15) over (3.0.13-0ubuntu3.12) ...
2026-08-28T04:11:23.3850378Z Setting up libssl3t64:amd64 (3.0.13-0ubuntu3.15) ...
2026-08-28T04:11:23.4392148Z (Reading database ... 
2026-08-28T04:11:23.4392466Z (Reading database ... 5%
2026-08-28T04:11:23.4392714Z (Reading database ... 10%
2026-08-28T04:11:23.4392944Z (Reading database ... 15%
2026-08-28T04:11:23.4393167Z (Reading database ... 20%
2026-08-28T04:11:23.4393385Z (Reading database ... 25%
2026-08-28T04:11:23.4393602Z (Reading database ... 30%
2026-08-28T04:11:23.4393857Z (Reading database ... 35%
2026-08-28T04:11:23.4394070Z (Reading database ... 40%
2026-08-28T04:11:23.4394503Z (Reading database ... 45%
2026-08-28T04:11:23.4395191Z (Reading database ... 50%
2026-08-28T04:11:23.4405310Z (Reading database ... 55%
2026-08-28T04:11:23.4428963Z (Reading database ... 60%
2026-08-28T04:11:23.4461363Z (Reading database ... 65%
2026-08-28T04:11:23.4485980Z (Reading database ... 70%
2026-08-28T04:11:23.4505643Z (Reading database ... 75%
2026-08-28T04:11:23.4536264Z (Reading database ... 80%
2026-08-28T04:11:23.4657761Z (Reading database ... 85%
2026-08-28T04:11:23.4843066Z (Reading database ... 90%
2026-08-28T04:11:23.5199668Z (Reading database ... 95%
2026-08-28T04:11:23.5200087Z (Reading database ... 100%
2026-08-28T04:11:23.5200431Z (Reading database ... 203385 files and directories currently installed.)
2026-08-28T04:11:23.5245903Z Preparing to unpack .../000-openssl_3.0.13-0ubuntu3.15_amd64.deb ...
2026-08-28T04:11:23.5284642Z Unpacking openssl (3.0.13-0ubuntu3.15) over (3.0.13-0ubuntu3.12) ...
2026-08-28T04:11:23.6169916Z Selecting previously unselected package bubblewrap.
2026-08-28T04:11:23.6304356Z Preparing to unpack .../001-bubblewrap_0.9.0-1ubuntu0.1_amd64.deb ...
2026-08-28T04:11:23.6534556Z Unpacking bubblewrap (0.9.0-1ubuntu0.1) ...
2026-08-28T04:11:23.6760631Z Selecting previously unselected package build-essential.
2026-08-28T04:11:23.6887187Z Preparing to unpack .../002-build-essential_12.10ubuntu1_amd64.deb ...
2026-08-28T04:11:23.6902744Z Unpacking build-essential (12.10ubuntu1) ...
2026-08-28T04:11:23.7091621Z Selecting previously unselected package bzip2-doc.
2026-08-28T04:11:23.7221197Z Preparing to unpack .../003-bzip2-doc_1.0.8-5.1build0.1_all.deb ...
2026-08-28T04:11:23.7238212Z Unpacking bzip2-doc (1.0.8-5.1build0.1) ...
2026-08-28T04:11:23.7489718Z Selecting previously unselected package gir1.2-atk-1.0:amd64.
2026-08-28T04:11:23.7615920Z Preparing to unpack .../004-gir1.2-atk-1.0_2.52.0-1build1_amd64.deb ...
2026-08-28T04:11:23.7796947Z Unpacking gir1.2-atk-1.0:amd64 (2.52.0-1build1) ...
2026-08-28T04:11:23.8001075Z Selecting previously unselected package gir1.2-freedesktop:amd64.
2026-08-28T04:11:23.8129584Z Preparing to unpack .../005-gir1.2-freedesktop_1.80.1-1_amd64.deb ...
2026-08-28T04:11:23.8146948Z Unpacking gir1.2-freedesktop:amd64 (1.80.1-1) ...
2026-08-28T04:11:23.8355369Z Selecting previously unselected package gir1.2-atspi-2.0:amd64.
2026-08-28T04:11:23.8482673Z Preparing to unpack .../006-gir1.2-atspi-2.0_2.52.0-1build1_amd64.deb ...
2026-08-28T04:11:23.8494968Z Unpacking gir1.2-atspi-2.0:amd64 (2.52.0-1build1) ...
2026-08-28T04:11:23.8684201Z Selecting previously unselected package gir1.2-gdkpixbuf-2.0:amd64.
2026-08-28T04:11:23.8809866Z Preparing to unpack .../007-gir1.2-gdkpixbuf-2.0_2.42.10+dfsg-3ubuntu3.3_amd64.deb ...
2026-08-28T04:11:23.8823189Z Unpacking gir1.2-gdkpixbuf-2.0:amd64 (2.42.10+dfsg-3ubuntu3.3) ...
2026-08-28T04:11:23.9157909Z Selecting previously unselected package libharfbuzz-gobject0:amd64.
2026-08-28T04:11:23.9287255Z Preparing to unpack .../008-libharfbuzz-gobject0_8.3.0-2build2_amd64.deb ...
2026-08-28T04:11:23.9301278Z Unpacking libharfbuzz-gobject0:amd64 (8.3.0-2build2) ...
2026-08-28T04:11:23.9503027Z Selecting previously unselected package gir1.2-harfbuzz-0.0:amd64.
2026-08-28T04:11:23.9632555Z Preparing to unpack .../009-gir1.2-harfbuzz-0.0_8.3.0-2build2_amd64.deb ...
2026-08-28T04:11:23.9645105Z Unpacking gir1.2-harfbuzz-0.0:amd64 (8.3.0-2build2) ...
2026-08-28T04:11:23.9858376Z Selecting previously unselected package libpangoxft-1.0-0:amd64.
2026-08-28T04:11:23.9986078Z Preparing to unpack .../010-libpangoxft-1.0-0_1.52.1+ds-1build1_amd64.deb ...
2026-08-28T04:11:23.9999676Z Unpacking libpangoxft-1.0-0:amd64 (1.52.1+ds-1build1) ...
2026-08-28T04:11:24.0359051Z Selecting previously unselected package gir1.2-pango-1.0:amd64.
2026-08-28T04:11:24.0489737Z Preparing to unpack .../011-gir1.2-pango-1.0_1.52.1+ds-1build1_amd64.deb ...
2026-08-28T04:11:24.0502935Z Unpacking gir1.2-pango-1.0:amd64 (1.52.1+ds-1build1) ...
2026-08-28T04:11:24.0797234Z Selecting previously unselected package gir1.2-gtk-3.0:amd64.
2026-08-28T04:11:24.0926477Z Preparing to unpack .../012-gir1.2-gtk-3.0_3.24.41-4ubuntu1.3_amd64.deb ...
2026-08-28T04:11:24.0939099Z Unpacking gir1.2-gtk-3.0:amd64 (3.24.41-4ubuntu1.3) ...
2026-08-28T04:11:24.1221051Z Selecting previously unselected package libayatana-ido3-0.4-0:amd64.
2026-08-28T04:11:24.1347807Z Preparing to unpack .../013-libayatana-ido3-0.4-0_0.10.1-1build2_amd64.deb ...
2026-08-28T04:11:24.1362668Z Unpacking libayatana-ido3-0.4-0:amd64 (0.10.1-1build2) ...
2026-08-28T04:11:24.1750499Z Selecting previously unselected package libayatana-indicator3-7:amd64.
2026-08-28T04:11:24.1877275Z Preparing to unpack .../014-libayatana-indicator3-7_0.9.4-1build1_amd64.deb ...
2026-08-28T04:11:24.1892249Z Unpacking libayatana-indicator3-7:amd64 (0.9.4-1build1) ...
2026-08-28T04:11:24.2108756Z Selecting previously unselected package libayatana-appindicator3-1.
2026-08-28T04:11:24.2239147Z Preparing to unpack .../015-libayatana-appindicator3-1_0.5.93-1build3_amd64.deb ...
2026-08-28T04:11:24.2252275Z Unpacking libayatana-appindicator3-1 (0.5.93-1build3) ...
2026-08-28T04:11:24.2449709Z Selecting previously unselected package gir1.2-ayatanaappindicator3-0.1.
2026-08-28T04:11:24.2578622Z Preparing to unpack .../016-gir1.2-ayatanaappindicator3-0.1_0.5.93-1build3_amd64.deb ...
2026-08-28T04:11:24.2592172Z Unpacking gir1.2-ayatanaappindicator3-0.1 (0.5.93-1build3) ...
2026-08-28T04:11:24.2992544Z Selecting previously unselected package gir1.2-ayatanaido3-0.4:amd64.
2026-08-28T04:11:24.3121311Z Preparing to unpack .../017-gir1.2-ayatanaido3-0.4_0.10.1-1build2_amd64.deb ...
2026-08-28T04:11:24.3217185Z Unpacking gir1.2-ayatanaido3-0.4:amd64 (0.10.1-1build2) ...
2026-08-28T04:11:24.3395790Z Selecting previously unselected package gir1.2-dbusmenu-glib-0.4:amd64.
2026-08-28T04:11:24.3523300Z Preparing to unpack .../018-gir1.2-dbusmenu-glib-0.4_18.10.20180917~bzr492+repack1-3.1ubuntu5_amd64.deb ...
2026-08-28T04:11:24.3535541Z Unpacking gir1.2-dbusmenu-glib-0.4:amd64 (18.10.20180917~bzr492+repack1-3.1ubuntu5) ...
2026-08-28T04:11:24.3714192Z Selecting previously unselected package gir1.2-glib-2.0-dev:amd64.
2026-08-28T04:11:24.3842119Z Preparing to unpack .../019-gir1.2-glib-2.0-dev_2.80.0-6ubuntu3.8_amd64.deb ...
2026-08-28T04:11:24.3854547Z Unpacking gir1.2-glib-2.0-dev:amd64 (2.80.0-6ubuntu3.8) ...
2026-08-28T04:11:24.4858511Z Selecting previously unselected package gir1.2-freedesktop-dev:amd64.
2026-08-28T04:11:24.4986765Z Preparing to unpack .../020-gir1.2-freedesktop-dev_1.80.1-1_amd64.deb ...
2026-08-28T04:11:24.4999485Z Unpacking gir1.2-freedesktop-dev:amd64 (1.80.1-1) ...
2026-08-28T04:11:24.5198853Z Selecting previously unselected package gir1.2-girepository-2.0-dev:amd64.
2026-08-28T04:11:24.5326223Z Preparing to unpack .../021-gir1.2-girepository-2.0-dev_1.80.1-1_amd64.deb ...
2026-08-28T04:11:24.5473358Z Unpacking gir1.2-girepository-2.0-dev:amd64 (1.80.1-1) ...
2026-08-28T04:11:24.5676301Z Selecting previously unselected package libjavascriptcoregtk-4.1-0:amd64.
2026-08-28T04:11:24.5804963Z Preparing to unpack .../022-libjavascriptcoregtk-4.1-0_2.52.3-0ubuntu0.24.04.1_amd64.deb ...
2026-08-28T04:11:24.5815914Z Unpacking libjavascriptcoregtk-4.1-0:amd64 (2.52.3-0ubuntu0.24.04.1) ...
2026-08-28T04:11:24.9059274Z Selecting previously unselected package gir1.2-javascriptcoregtk-4.1:amd64.
2026-08-28T04:11:24.9186866Z Preparing to unpack .../023-gir1.2-javascriptcoregtk-4.1_2.52.3-0ubuntu0.24.04.1_amd64.deb ...
2026-08-28T04:11:24.9199797Z Unpacking gir1.2-javascriptcoregtk-4.1:amd64 (2.52.3-0ubuntu0.24.04.1) ...
2026-08-28T04:11:24.9414320Z Selecting previously unselected package librsvg2-2:amd64.
2026-08-28T04:11:24.9543452Z Preparing to unpack .../024-librsvg2-2_2.58.0+dfsg-1build1_amd64.deb ...
2026-08-28T04:11:24.9557924Z Unpacking librsvg2-2:amd64 (2.58.0+dfsg-1build1) ...
2026-08-28T04:11:25.0482747Z Selecting previously unselected package gir1.2-rsvg-2.0:amd64.
2026-08-28T04:11:25.0639465Z Preparing to unpack .../025-gir1.2-rsvg-2.0_2.58.0+dfsg-1build1_amd64.deb ...
2026-08-28T04:11:25.0658371Z Unpacking gir1.2-rsvg-2.0:amd64 (2.58.0+dfsg-1build1) ...
2026-08-28T04:11:25.1156792Z Selecting previously unselected package libproxy1v5:amd64.
2026-08-28T04:11:25.1286143Z Preparing to unpack .../026-libproxy1v5_0.5.4-4build1_amd64.deb ...
2026-08-28T04:11:25.1299969Z Unpacking libproxy1v5:amd64 (0.5.4-4build1) ...
2026-08-28T04:11:25.1567630Z Selecting previously unselected package glib-networking-common.
2026-08-28T04:11:25.1695725Z Preparing to unpack .../027-glib-networking-common_2.80.0-1build1_all.deb ...
2026-08-28T04:11:25.1709805Z Unpacking glib-networking-common (2.80.0-1build1) ...
2026-08-28T04:11:25.2000188Z Selecting previously unselected package glib-networking-services.
2026-08-28T04:11:25.2129769Z Preparing to unpack .../028-glib-networking-services_2.80.0-1build1_amd64.deb ...
2026-08-28T04:11:25.2144577Z Unpacking glib-networking-services (2.80.0-1build1) ...
2026-08-28T04:11:25.2346919Z Selecting previously unselected package session-migration.
2026-08-28T04:11:25.2475151Z Preparing to unpack .../029-session-migration_0.3.9build1_amd64.deb ...
2026-08-28T04:11:25.2488880Z Unpacking session-migration (0.3.9build1) ...
2026-08-28T04:11:25.2692756Z Selecting previously unselected package gsettings-desktop-schemas.
2026-08-28T04:11:25.2822134Z Preparing to unpack .../030-gsettings-desktop-schemas_46.1-0ubuntu1_all.deb ...
2026-08-28T04:11:25.2835267Z Unpacking gsettings-desktop-schemas (46.1-0ubuntu1) ...
2026-08-28T04:11:25.3294566Z Selecting previously unselected package glib-networking:amd64.
2026-08-28T04:11:25.3425503Z Preparing to unpack .../031-glib-networking_2.80.0-1build1_amd64.deb ...
2026-08-28T04:11:25.3438710Z Unpacking glib-networking:amd64 (2.80.0-1build1) ...
2026-08-28T04:11:25.3918651Z Selecting previously unselected package libsoup-3.0-common.
2026-08-28T04:11:25.4049820Z Preparing to unpack .../032-libsoup-3.0-common_3.4.4-5ubuntu0.7_all.deb ...
2026-08-28T04:11:25.4064518Z Unpacking libsoup-3.0-common (3.4.4-5ubuntu0.7) ...
2026-08-28T04:11:25.4281180Z Selecting previously unselected package libsoup-3.0-0:amd64.
2026-08-28T04:11:25.4412058Z Preparing to unpack .../033-libsoup-3.0-0_3.4.4-5ubuntu0.7_amd64.deb ...
2026-08-28T04:11:25.4464433Z Unpacking libsoup-3.0-0:amd64 (3.4.4-5ubuntu0.7) ...
2026-08-28T04:11:25.4796680Z Selecting previously unselected package gir1.2-soup-3.0:amd64.
2026-08-28T04:11:25.4925685Z Preparing to unpack .../034-gir1.2-soup-3.0_3.4.4-5ubuntu0.7_amd64.deb ...
2026-08-28T04:11:25.4944410Z Unpacking gir1.2-soup-3.0:amd64 (3.4.4-5ubuntu0.7) ...
2026-08-28T04:11:25.5251210Z Selecting previously unselected package libcdparanoia0:amd64.
2026-08-28T04:11:25.5382313Z Preparing to unpack .../035-libcdparanoia0_3.10.2+debian-14build3_amd64.deb ...
2026-08-28T04:11:25.5398238Z Unpacking libcdparanoia0:amd64 (3.10.2+debian-14build3) ...
2026-08-28T04:11:25.5610137Z Selecting previously unselected package liborc-0.4-0t64:amd64.
2026-08-28T04:11:25.5739697Z Preparing to unpack .../036-liborc-0.4-0t64_1%3a0.4.38-1ubuntu0.1_amd64.deb ...
2026-08-28T04:11:25.5755335Z Unpacking liborc-0.4-0t64:amd64 (1:0.4.38-1ubuntu0.1) ...
2026-08-28T04:11:25.6040387Z Selecting previously unselected package libgstreamer-plugins-base1.0-0:amd64.
2026-08-28T04:11:25.6170608Z Preparing to unpack .../037-libgstreamer-plugins-base1.0-0_1.24.2-1ubuntu0.4_amd64.deb ...
2026-08-28T04:11:25.6367795Z Unpacking libgstreamer-plugins-base1.0-0:amd64 (1.24.2-1ubuntu0.4) ...
2026-08-28T04:11:25.7107028Z Selecting previously unselected package libopus0:amd64.
2026-08-28T04:11:25.7238395Z Preparing to unpack .../038-libopus0_1.4-1build1_amd64.deb ...
2026-08-28T04:11:25.7252604Z Unpacking libopus0:amd64 (1.4-1build1) ...
2026-08-28T04:11:25.7484412Z Selecting previously unselected package libtheora0:amd64.
2026-08-28T04:11:25.7614704Z Preparing to unpack .../039-libtheora0_1.1.1+dfsg.1-16.1build3_amd64.deb ...
2026-08-28T04:11:25.7630341Z Unpacking libtheora0:amd64 (1.1.1+dfsg.1-16.1build3) ...
2026-08-28T04:11:25.7871967Z Selecting previously unselected package libvisual-0.4-0:amd64.
2026-08-28T04:11:25.8000434Z Preparing to unpack .../040-libvisual-0.4-0_0.4.2-2build1_amd64.deb ...
2026-08-28T04:11:25.8014981Z Unpacking libvisual-0.4-0:amd64 (0.4.2-2build1) ...
2026-08-28T04:11:25.8239596Z Selecting previously unselected package libvorbisenc2:amd64.
2026-08-28T04:11:25.8369399Z Preparing to unpack .../041-libvorbisenc2_1.3.7-1build3_amd64.deb ...
2026-08-28T04:11:25.8385177Z Unpacking libvorbisenc2:amd64 (1.3.7-1build3) ...
2026-08-28T04:11:25.8618963Z Selecting previously unselected package gstreamer1.0-plugins-base:amd64.
2026-08-28T04:11:25.8750807Z Preparing to unpack .../042-gstreamer1.0-plugins-base_1.24.2-1ubuntu0.4_amd64.deb ...
2026-08-28T04:11:25.8916035Z Unpacking gstreamer1.0-plugins-base:amd64 (1.24.2-1ubuntu0.4) ...
2026-08-28T04:11:25.9366101Z Selecting previously unselected package libaa1:amd64.
2026-08-28T04:11:25.9497138Z Preparing to unpack .../043-libaa1_1.4p5-51.1_amd64.deb ...
2026-08-28T04:11:25.9520793Z Unpacking libaa1:amd64 (1.4p5-51.1) ...
2026-08-28T04:11:25.9727519Z Selecting previously unselected package libraw1394-11:amd64.
2026-08-28T04:11:25.9856251Z Preparing to unpack .../044-libraw1394-11_2.1.2-2build3_amd64.deb ...
2026-08-28T04:11:25.9870520Z Unpacking libraw1394-11:amd64 (2.1.2-2build3) ...
2026-08-28T04:11:26.0092176Z Selecting previously unselected package libavc1394-0:amd64.
2026-08-28T04:11:26.0221177Z Preparing to unpack .../045-libavc1394-0_0.5.4-5build3_amd64.deb ...
2026-08-28T04:11:26.0304084Z Unpacking libavc1394-0:amd64 (0.5.4-5build3) ...
2026-08-28T04:11:26.0501540Z Selecting previously unselected package libcaca0:amd64.
2026-08-28T04:11:26.0633778Z Preparing to unpack .../046-libcaca0_0.99.beta20-4ubuntu0.2_amd64.deb ...
2026-08-28T04:11:26.0647598Z Unpacking libcaca0:amd64 (0.99.beta20-4ubuntu0.2) ...
2026-08-28T04:11:26.0930867Z Selecting previously unselected package libdv4t64:amd64.
2026-08-28T04:11:26.1060213Z Preparing to unpack .../047-libdv4t64_1.0.0-17.1build1_amd64.deb ...
2026-08-28T04:11:26.1075212Z Unpacking libdv4t64:amd64 (1.0.0-17.1build1) ...
2026-08-28T04:11:26.1480186Z Selecting previously unselected package libflac12t64:amd64.
2026-08-28T04:11:26.1611757Z Preparing to unpack .../048-libflac12t64_1.4.3+ds-2.1ubuntu2_amd64.deb ...
2026-08-28T04:11:26.1627057Z Unpacking libflac12t64:amd64 (1.4.3+ds-2.1ubuntu2) ...
2026-08-28T04:11:26.1863907Z Selecting previously unselected package libgstreamer-plugins-good1.0-0:amd64.
2026-08-28T04:11:26.1993409Z Preparing to unpack .../049-libgstreamer-plugins-good1.0-0_1.24.2-1ubuntu1.5_amd64.deb ...
2026-08-28T04:11:26.2008391Z Unpacking libgstreamer-plugins-good1.0-0:amd64 (1.24.2-1ubuntu1.5) ...
2026-08-28T04:11:26.2219455Z Selecting previously unselected package libiec61883-0:amd64.
2026-08-28T04:11:26.2349584Z Preparing to unpack .../050-libiec61883-0_1.2.0-6build1_amd64.deb ...
2026-08-28T04:11:26.2364620Z Unpacking libiec61883-0:amd64 (1.2.0-6build1) ...
2026-08-28T04:11:26.2763862Z Selecting previously unselected package libmp3lame0:amd64.
2026-08-28T04:11:26.2892815Z Preparing to unpack .../051-libmp3lame0_3.100-6build1_amd64.deb ...
2026-08-28T04:11:26.2919753Z Unpacking libmp3lame0:amd64 (3.100-6build1) ...
2026-08-28T04:11:26.3165689Z Selecting previously unselected package libmpg123-0t64:amd64.
2026-08-28T04:11:26.3302880Z Preparing to unpack .../052-libmpg123-0t64_1.32.5-1ubuntu1.1_amd64.deb ...
2026-08-28T04:11:26.3306465Z Unpacking libmpg123-0t64:amd64 (1.32.5-1ubuntu1.1) ...
2026-08-28T04:11:26.3541032Z Selecting previously unselected package libasyncns0:amd64.
2026-08-28T04:11:26.3669377Z Preparing to unpack .../053-libasyncns0_0.8-6build4_amd64.deb ...
2026-08-28T04:11:26.3681174Z Unpacking libasyncns0:amd64 (0.8-6build4) ...
2026-08-28T04:11:26.4030857Z Selecting previously unselected package libsndfile1:amd64.
2026-08-28T04:11:26.4160366Z Preparing to unpack .../054-libsndfile1_1.2.2-1ubuntu5.24.04.1_amd64.deb ...
2026-08-28T04:11:26.4171696Z Unpacking libsndfile1:amd64 (1.2.2-1ubuntu5.24.04.1) ...
2026-08-28T04:11:26.4453754Z Selecting previously unselected package libpulse0:amd64.
2026-08-28T04:11:26.4581703Z Preparing to unpack .../055-libpulse0_1%3a16.1+dfsg1-2ubuntu10.1_amd64.deb ...
2026-08-28T04:11:26.4651799Z Unpacking libpulse0:amd64 (1:16.1+dfsg1-2ubuntu10.1) ...
2026-08-28T04:11:26.4909647Z Selecting previously unselected package libspeex1:amd64.
2026-08-28T04:11:26.5038165Z Preparing to unpack .../056-libspeex1_1.2.1-2ubuntu2.24.04.1_amd64.deb ...
2026-08-28T04:11:26.5052240Z Unpacking libspeex1:amd64 (1.2.1-2ubuntu2.24.04.1) ...
2026-08-28T04:11:26.5293312Z Selecting previously unselected package libshout3:amd64.
2026-08-28T04:11:26.5425015Z Preparing to unpack .../057-libshout3_2.4.6-1build2_amd64.deb ...
2026-08-28T04:11:26.5439920Z Unpacking libshout3:amd64 (2.4.6-1build2) ...
2026-08-28T04:11:26.5668058Z Selecting previously unselected package libtag1v5-vanilla:amd64.
2026-08-28T04:11:26.5799665Z Preparing to unpack .../058-libtag1v5-vanilla_1.13.1-1build1_amd64.deb ...
2026-08-28T04:11:26.5812367Z Unpacking libtag1v5-vanilla:amd64 (1.13.1-1build1) ...
2026-08-28T04:11:26.6096074Z Selecting previously unselected package libtag1v5:amd64.
2026-08-28T04:11:26.6226122Z Preparing to unpack .../059-libtag1v5_1.13.1-1build1_amd64.deb ...
2026-08-28T04:11:26.6238211Z Unpacking libtag1v5:amd64 (1.13.1-1build1) ...
2026-08-28T04:11:26.6622110Z Selecting previously unselected package libtwolame0:amd64.
2026-08-28T04:11:26.6753887Z Preparing to unpack .../060-libtwolame0_0.4.0-2build3_amd64.deb ...
2026-08-28T04:11:26.6767511Z Unpacking libtwolame0:amd64 (0.4.0-2build3) ...
2026-08-28T04:11:26.6995812Z Selecting previously unselected package libv4lconvert0t64:amd64.
2026-08-28T04:11:26.7127009Z Preparing to unpack .../061-libv4lconvert0t64_1.26.1-4build3_amd64.deb ...
2026-08-28T04:11:26.7142037Z Unpacking libv4lconvert0t64:amd64 (1.26.1-4build3) ...
2026-08-28T04:11:26.7398738Z Selecting previously unselected package libv4l-0t64:amd64.
2026-08-28T04:11:26.7528000Z Preparing to unpack .../062-libv4l-0t64_1.26.1-4build3_amd64.deb ...
2026-08-28T04:11:26.7540409Z Unpacking libv4l-0t64:amd64 (1.26.1-4build3) ...
2026-08-28T04:11:26.7899291Z Selecting previously unselected package libvpx9:amd64.
2026-08-28T04:11:26.8028737Z Preparing to unpack .../063-libvpx9_1.14.0-1ubuntu2.3_amd64.deb ...
2026-08-28T04:11:26.8043548Z Unpacking libvpx9:amd64 (1.14.0-1ubuntu2.3) ...
2026-08-28T04:11:26.8578745Z Selecting previously unselected package libwavpack1:amd64.
2026-08-28T04:11:26.8710907Z Preparing to unpack .../064-libwavpack1_5.6.0-1build1_amd64.deb ...
2026-08-28T04:11:26.8723761Z Unpacking libwavpack1:amd64 (5.6.0-1build1) ...
2026-08-28T04:11:26.9156681Z Selecting previously unselected package gstreamer1.0-plugins-good:amd64.
2026-08-28T04:11:26.9289771Z Preparing to unpack .../065-gstreamer1.0-plugins-good_1.24.2-1ubuntu1.5_amd64.deb ...
2026-08-28T04:11:26.9303748Z Unpacking gstreamer1.0-plugins-good:amd64 (1.24.2-1ubuntu1.5) ...
2026-08-28T04:11:27.0084582Z Selecting previously unselected package libgles2:amd64.
2026-08-28T04:11:27.0215856Z Preparing to unpack .../066-libgles2_1.7.0-1build1_amd64.deb ...
2026-08-28T04:11:27.0230082Z Unpacking libgles2:amd64 (1.7.0-1build1) ...
2026-08-28T04:11:27.0431964Z Selecting previously unselected package xdg-dbus-proxy.
2026-08-28T04:11:27.0562930Z Preparing to unpack .../067-xdg-dbus-proxy_0.1.5-1ubuntu0.2_amd64.deb ...
2026-08-28T04:11:27.0575604Z Unpacking xdg-dbus-proxy (0.1.5-1ubuntu0.2) ...
2026-08-28T04:11:27.0796357Z Selecting previously unselected package libegl-mesa0:amd64.
2026-08-28T04:11:27.0925758Z Preparing to unpack .../068-libegl-mesa0_25.2.8-0ubuntu0.24.04.2_amd64.deb ...
2026-08-28T04:11:27.0939081Z Unpacking libegl-mesa0:amd64 (25.2.8-0ubuntu0.24.04.2) ...
2026-08-28T04:11:27.1467152Z Selecting previously unselected package libegl1:amd64.
2026-08-28T04:11:27.1597857Z Preparing to unpack .../069-libegl1_1.7.0-1build1_amd64.deb ...
2026-08-28T04:11:27.1792140Z Unpacking libegl1:amd64 (1.7.0-1build1) ...
2026-08-28T04:11:27.2009387Z Selecting previously unselected package libgstreamer-gl1.0-0:amd64.
2026-08-28T04:11:27.2142439Z Preparing to unpack .../070-libgstreamer-gl1.0-0_1.24.2-1ubuntu0.4_amd64.deb ...
2026-08-28T04:11:27.2157573Z Unpacking libgstreamer-gl1.0-0:amd64 (1.24.2-1ubuntu0.4) ...
2026-08-28T04:11:27.2430644Z Selecting previously unselected package libharfbuzz-icu0:amd64.
2026-08-28T04:11:27.2561876Z Preparing to unpack .../071-libharfbuzz-icu0_8.3.0-2build2_amd64.deb ...
2026-08-28T04:11:27.2597362Z Unpacking libharfbuzz-icu0:amd64 (8.3.0-2build2) ...
2026-08-28T04:11:27.2819936Z Selecting previously unselected package libhyphen0:amd64.
2026-08-28T04:11:27.2949543Z Preparing to unpack .../072-libhyphen0_2.8.8-7build3_amd64.deb ...
2026-08-28T04:11:27.2962942Z Unpacking libhyphen0:amd64 (2.8.8-7build3) ...
2026-08-28T04:11:27.3212617Z Selecting previously unselected package libmanette-0.2-0:amd64.
2026-08-28T04:11:27.3342212Z Preparing to unpack .../073-libmanette-0.2-0_0.2.7-1build2_amd64.deb ...
2026-08-28T04:11:27.3356822Z Unpacking libmanette-0.2-0:amd64 (0.2.7-1build2) ...
2026-08-28T04:11:27.3575356Z Selecting previously unselected package libsecret-common.
2026-08-28T04:11:27.3704869Z Preparing to unpack .../074-libsecret-common_0.21.4-1build3_all.deb ...
2026-08-28T04:11:27.3717257Z Unpacking libsecret-common (0.21.4-1build3) ...
2026-08-28T04:11:27.3978067Z Selecting previously unselected package libsecret-1-0:amd64.
2026-08-28T04:11:27.4108740Z Preparing to unpack .../075-libsecret-1-0_0.21.4-1build3_amd64.deb ...
2026-08-28T04:11:27.4273492Z Unpacking libsecret-1-0:amd64 (0.21.4-1build3) ...
2026-08-28T04:11:27.4503644Z Selecting previously unselected package libwayland-server0:amd64.
2026-08-28T04:11:27.4634581Z Preparing to unpack .../076-libwayland-server0_1.22.0-2.1build1_amd64.deb ...
2026-08-28T04:11:27.4648498Z Unpacking libwayland-server0:amd64 (1.22.0-2.1build1) ...
2026-08-28T04:11:27.4881009Z Selecting previously unselected package libwebkit2gtk-4.1-0:amd64.
2026-08-28T04:11:27.5010593Z Preparing to unpack .../077-libwebkit2gtk-4.1-0_2.52.3-0ubuntu0.24.04.1_amd64.deb ...
2026-08-28T04:11:27.5024309Z Unpacking libwebkit2gtk-4.1-0:amd64 (2.52.3-0ubuntu0.24.04.1) ...
2026-08-28T04:11:28.4161542Z Selecting previously unselected package gir1.2-webkit2-4.1:amd64.
2026-08-28T04:11:28.4290861Z Preparing to unpack .../078-gir1.2-webkit2-4.1_2.52.3-0ubuntu0.24.04.1_amd64.deb ...
2026-08-28T04:11:28.4362951Z Unpacking gir1.2-webkit2-4.1:amd64 (2.52.3-0ubuntu0.24.04.1) ...
2026-08-28T04:11:28.4607798Z Selecting previously unselected package python3-mako.
2026-08-28T04:11:28.4736256Z Preparing to unpack .../079-python3-mako_1.3.2-1ubuntu0.1_all.deb ...
2026-08-28T04:11:28.4749598Z Unpacking python3-mako (1.3.2-1ubuntu0.1) ...
2026-08-28T04:11:28.5042957Z Selecting previously unselected package python3-markdown.
2026-08-28T04:11:28.5174449Z Preparing to unpack .../080-python3-markdown_3.5.2-1_all.deb ...
2026-08-28T04:11:28.5187511Z Unpacking python3-markdown (3.5.2-1) ...
2026-08-28T04:11:28.5600660Z Selecting previously unselected package gobject-introspection-bin.
2026-08-28T04:11:28.5744024Z Preparing to unpack .../081-gobject-introspection-bin_1.80.1-1_amd64.deb ...
2026-08-28T04:11:28.5756402Z Unpacking gobject-introspection-bin (1.80.1-1) ...
2026-08-28T04:11:28.6451641Z Selecting previously unselected package libglib2.0-dev-bin.
2026-08-28T04:11:28.6580715Z Preparing to unpack .../082-libglib2.0-dev-bin_2.80.0-6ubuntu3.8_amd64.deb ...
2026-08-28T04:11:28.6595156Z Unpacking libglib2.0-dev-bin (2.80.0-6ubuntu3.8) ...
2026-08-28T04:11:28.6915189Z Selecting previously unselected package uuid-dev:amd64.
2026-08-28T04:11:28.7045228Z Preparing to unpack .../083-uuid-dev_2.39.3-9ubuntu6.5_amd64.deb ...
2026-08-28T04:11:28.7067554Z Unpacking uuid-dev:amd64 (2.39.3-9ubuntu6.5) ...
2026-08-28T04:11:28.7312003Z Selecting previously unselected package libblkid-dev:amd64.
2026-08-28T04:11:28.7444021Z Preparing to unpack .../084-libblkid-dev_2.39.3-9ubuntu6.5_amd64.deb ...
2026-08-28T04:11:28.7462509Z Unpacking libblkid-dev:amd64 (2.39.3-9ubuntu6.5) ...
2026-08-28T04:11:28.7721188Z Selecting previously unselected package libsepol-dev:amd64.
2026-08-28T04:11:28.7850419Z Preparing to unpack .../085-libsepol-dev_3.5-2build1_amd64.deb ...
2026-08-28T04:11:28.7865055Z Unpacking libsepol-dev:amd64 (3.5-2build1) ...
2026-08-28T04:11:28.8253909Z Selecting previously unselected package libselinux1-dev:amd64.
2026-08-28T04:11:28.8385443Z Preparing to unpack .../086-libselinux1-dev_3.5-2ubuntu2.1_amd64.deb ...
2026-08-28T04:11:28.8400185Z Unpacking libselinux1-dev:amd64 (3.5-2ubuntu2.1) ...
2026-08-28T04:11:28.8979471Z Selecting previously unselected package libmount-dev:amd64.
2026-08-28T04:11:28.9110063Z Preparing to unpack .../087-libmount-dev_2.39.3-9ubuntu6.5_amd64.deb ...
2026-08-28T04:11:28.9121565Z Unpacking libmount-dev:amd64 (2.39.3-9ubuntu6.5) ...
2026-08-28T04:11:28.9326545Z Selecting previously unselected package libgirepository-2.0-0:amd64.
2026-08-28T04:11:28.9455922Z Preparing to unpack .../088-libgirepository-2.0-0_2.80.0-6ubuntu3.8_amd64.deb ...
2026-08-28T04:11:28.9468373Z Unpacking libgirepository-2.0-0:amd64 (2.80.0-6ubuntu3.8) ...
2026-08-28T04:11:28.9885862Z Selecting previously unselected package libglib2.0-dev:amd64.
2026-08-28T04:11:29.0015281Z Preparing to unpack .../089-libglib2.0-dev_2.80.0-6ubuntu3.8_amd64.deb ...
2026-08-28T04:11:29.0026962Z Unpacking libglib2.0-dev:amd64 (2.80.0-6ubuntu3.8) ...
2026-08-28T04:11:29.1551952Z Selecting previously unselected package gobject-introspection:amd64.
2026-08-28T04:11:29.1681427Z Preparing to unpack .../090-gobject-introspection_1.80.1-1_amd64.deb ...
2026-08-28T04:11:29.1695871Z Unpacking gobject-introspection:amd64 (1.80.1-1) ...
2026-08-28T04:11:29.1973375Z Selecting previously unselected package libgraphene-1.0-0:amd64.
2026-08-28T04:11:29.2103962Z Preparing to unpack .../091-libgraphene-1.0-0_1.10.8-3build2_amd64.deb ...
2026-08-28T04:11:29.2127260Z Unpacking libgraphene-1.0-0:amd64 (1.10.8-3build2) ...
2026-08-28T04:11:29.2367896Z Selecting previously unselected package gstreamer1.0-gl:amd64.
2026-08-28T04:11:29.2497571Z Preparing to unpack .../092-gstreamer1.0-gl_1.24.2-1ubuntu0.4_amd64.deb ...
2026-08-28T04:11:29.2508791Z Unpacking gstreamer1.0-gl:amd64 (1.24.2-1ubuntu0.4) ...
2026-08-28T04:11:29.2738648Z Selecting previously unselected package libxv1:amd64.
2026-08-28T04:11:29.2870026Z Preparing to unpack .../093-libxv1_2%3a1.0.11-1.1build1_amd64.deb ...
2026-08-28T04:11:29.2882319Z Unpacking libxv1:amd64 (2:1.0.11-1.1build1) ...
2026-08-28T04:11:29.3074006Z Selecting previously unselected package gstreamer1.0-x:amd64.
2026-08-28T04:11:29.3203826Z Preparing to unpack .../094-gstreamer1.0-x_1.24.2-1ubuntu0.4_amd64.deb ...
2026-08-28T04:11:29.3217355Z Unpacking gstreamer1.0-x:amd64 (1.24.2-1ubuntu0.4) ...
2026-08-28T04:11:29.3442007Z Selecting previously unselected package libatk1.0-dev:amd64.
2026-08-28T04:11:29.3572675Z Preparing to unpack .../095-libatk1.0-dev_2.52.0-1build1_amd64.deb ...
2026-08-28T04:11:29.3588525Z Unpacking libatk1.0-dev:amd64 (2.52.0-1build1) ...
2026-08-28T04:11:29.4269720Z Selecting previously unselected package libdbus-1-dev:amd64.
2026-08-28T04:11:29.4400935Z Preparing to unpack .../096-libdbus-1-dev_1.14.10-4ubuntu4.1_amd64.deb ...
2026-08-28T04:11:29.4415229Z Unpacking libdbus-1-dev:amd64 (1.14.10-4ubuntu4.1) ...
2026-08-28T04:11:29.4715272Z Selecting previously unselected package xorg-sgml-doctools.
2026-08-28T04:11:29.4844177Z Preparing to unpack .../097-xorg-sgml-doctools_1%3a1.11-1.1_all.deb ...
2026-08-28T04:11:29.4856980Z Unpacking xorg-sgml-doctools (1:1.11-1.1) ...
2026-08-28T04:11:29.5091485Z Selecting previously unselected package x11proto-dev.
2026-08-28T04:11:29.5222974Z Preparing to unpack .../098-x11proto-dev_2023.2-1_all.deb ...
2026-08-28T04:11:29.5235542Z Unpacking x11proto-dev (2023.2-1) ...
2026-08-28T04:11:29.5841533Z Selecting previously unselected package libxau-dev:amd64.
2026-08-28T04:11:29.5973136Z Preparing to unpack .../099-libxau-dev_1%3a1.0.9-1build6_amd64.deb ...
2026-08-28T04:11:29.5987980Z Unpacking libxau-dev:amd64 (1:1.0.9-1build6) ...
2026-08-28T04:11:29.6183034Z Selecting previously unselected package libxdmcp-dev:amd64.
2026-08-28T04:11:29.6311762Z Preparing to unpack .../100-libxdmcp-dev_1%3a1.1.3-0ubuntu6_amd64.deb ...
2026-08-28T04:11:29.6504471Z Unpacking libxdmcp-dev:amd64 (1:1.1.3-0ubuntu6) ...
2026-08-28T04:11:29.6736843Z Selecting previously unselected package xtrans-dev.
2026-08-28T04:11:29.6865071Z Preparing to unpack .../101-xtrans-dev_1.4.0-1_all.deb ...
2026-08-28T04:11:29.6904141Z Unpacking xtrans-dev (1.4.0-1) ...
2026-08-28T04:11:29.7159401Z Selecting previously unselected package libpthread-stubs0-dev:amd64.
2026-08-28T04:11:29.7290701Z Preparing to unpack .../102-libpthread-stubs0-dev_0.4-1build3_amd64.deb ...
2026-08-28T04:11:29.7307240Z Unpacking libpthread-stubs0-dev:amd64 (0.4-1build3) ...
2026-08-28T04:11:29.7546778Z Selecting previously unselected package libxcb1-dev:amd64.
2026-08-28T04:11:29.7676359Z Preparing to unpack .../103-libxcb1-dev_1.15-1ubuntu2_amd64.deb ...
2026-08-28T04:11:29.7706871Z Unpacking libxcb1-dev:amd64 (1.15-1ubuntu2) ...
2026-08-28T04:11:29.7963822Z Selecting previously unselected package libx11-dev:amd64.
2026-08-28T04:11:29.8095827Z Preparing to unpack .../104-libx11-dev_2%3a1.8.7-1build1_amd64.deb ...
2026-08-28T04:11:29.8115815Z Unpacking libx11-dev:amd64 (2:1.8.7-1build1) ...
2026-08-28T04:11:29.8535910Z Selecting previously unselected package libxext-dev:amd64.
2026-08-28T04:11:29.8665550Z Preparing to unpack .../105-libxext-dev_2%3a1.3.4-1build2_amd64.deb ...
2026-08-28T04:11:29.8689254Z Unpacking libxext-dev:amd64 (2:1.3.4-1build2) ...
2026-08-28T04:11:29.9167274Z Selecting previously unselected package libxfixes-dev:amd64.
2026-08-28T04:11:29.9298107Z Preparing to unpack .../106-libxfixes-dev_1%3a6.0.0-2build1_amd64.deb ...
2026-08-28T04:11:29.9311682Z Unpacking libxfixes-dev:amd64 (1:6.0.0-2build1) ...
2026-08-28T04:11:29.9502488Z Selecting previously unselected package libxi-dev:amd64.
2026-08-28T04:11:29.9633176Z Preparing to unpack .../107-libxi-dev_2%3a1.8.1-1build1_amd64.deb ...
2026-08-28T04:11:29.9646900Z Unpacking libxi-dev:amd64 (2:1.8.1-1build1) ...
2026-08-28T04:11:29.9931391Z Selecting previously unselected package libxtst-dev:amd64.
2026-08-28T04:11:30.0061763Z Preparing to unpack .../108-libxtst-dev_2%3a1.2.3-1.1build1_amd64.deb ...
2026-08-28T04:11:30.0077726Z Unpacking libxtst-dev:amd64 (2:1.2.3-1.1build1) ...
2026-08-28T04:11:30.0277942Z Selecting previously unselected package libatspi2.0-dev:amd64.
2026-08-28T04:11:30.0408763Z Preparing to unpack .../109-libatspi2.0-dev_2.52.0-1build1_amd64.deb ...
2026-08-28T04:11:30.0420973Z Unpacking libatspi2.0-dev:amd64 (2.52.0-1build1) ...
2026-08-28T04:11:30.0694009Z Selecting previously unselected package libatk-bridge2.0-dev:amd64.
2026-08-28T04:11:30.0825498Z Preparing to unpack .../110-libatk-bridge2.0-dev_2.52.0-1build1_amd64.deb ...
2026-08-28T04:11:30.0839072Z Unpacking libatk-bridge2.0-dev:amd64 (2.52.0-1build1) ...
2026-08-28T04:11:30.1062965Z Selecting previously unselected package libcairo-script-interpreter2:amd64.
2026-08-28T04:11:30.1194320Z Preparing to unpack .../111-libcairo-script-interpreter2_1.18.0-3build1_amd64.deb ...
2026-08-28T04:11:30.1209754Z Unpacking libcairo-script-interpreter2:amd64 (1.18.0-3build1) ...
2026-08-28T04:11:30.1406177Z Selecting previously unselected package libbrotli-dev:amd64.
2026-08-28T04:11:30.1536858Z Preparing to unpack .../112-libbrotli-dev_1.1.0-2build2_amd64.deb ...
2026-08-28T04:11:30.1644269Z Unpacking libbrotli-dev:amd64 (1.1.0-2build2) ...
2026-08-28T04:11:30.1912335Z Selecting previously unselected package libbz2-dev:amd64.
2026-08-28T04:11:30.2049281Z Preparing to unpack .../113-libbz2-dev_1.0.8-5.1build0.1_amd64.deb ...
2026-08-28T04:11:30.2059479Z Unpacking libbz2-dev:amd64 (1.0.8-5.1build0.1) ...
2026-08-28T04:11:30.2256704Z Selecting previously unselected package libpng-dev:amd64.
2026-08-28T04:11:30.2387968Z Preparing to unpack .../114-libpng-dev_1.6.43-5ubuntu0.6_amd64.deb ...
2026-08-28T04:11:30.2400916Z Unpacking libpng-dev:amd64 (1.6.43-5ubuntu0.6) ...
2026-08-28T04:11:30.2673367Z Selecting previously unselected package libfreetype-dev:amd64.
2026-08-28T04:11:30.2803251Z Preparing to unpack .../115-libfreetype-dev_2.13.2+dfsg-1ubuntu0.1_amd64.deb ...
2026-08-28T04:11:30.2816972Z Unpacking libfreetype-dev:amd64 (2.13.2+dfsg-1ubuntu0.1) ...
2026-08-28T04:11:30.3203185Z Selecting previously unselected package libfontconfig-dev:amd64.
2026-08-28T04:11:30.3333561Z Preparing to unpack .../116-libfontconfig-dev_2.15.0-1.1ubuntu2_amd64.deb ...
2026-08-28T04:11:30.3352018Z Unpacking libfontconfig-dev:amd64 (2.15.0-1.1ubuntu2) ...
2026-08-28T04:11:30.3593135Z Selecting previously unselected package libpixman-1-dev:amd64.
2026-08-28T04:11:30.3724215Z Preparing to unpack .../117-libpixman-1-dev_0.42.2-1build1_amd64.deb ...
2026-08-28T04:11:30.3745219Z Unpacking libpixman-1-dev:amd64 (0.42.2-1build1) ...
2026-08-28T04:11:30.4272547Z Selecting previously unselected package libice-dev:amd64.
2026-08-28T04:11:30.4405130Z Preparing to unpack .../118-libice-dev_2%3a1.0.10-1build3_amd64.deb ...
2026-08-28T04:11:30.4464574Z Unpacking libice-dev:amd64 (2:1.0.10-1build3) ...
2026-08-28T04:11:30.4715190Z Selecting previously unselected package libsm-dev:amd64.
2026-08-28T04:11:30.4846102Z Preparing to unpack .../119-libsm-dev_2%3a1.2.3-1build3_amd64.deb ...
2026-08-28T04:11:30.4863725Z Unpacking libsm-dev:amd64 (2:1.2.3-1build3) ...
2026-08-28T04:11:30.5058730Z Selecting previously unselected package libxcb-render0-dev:amd64.
2026-08-28T04:11:30.5188491Z Preparing to unpack .../120-libxcb-render0-dev_1.15-1ubuntu2_amd64.deb ...
2026-08-28T04:11:30.5210794Z Unpacking libxcb-render0-dev:amd64 (1.15-1ubuntu2) ...
2026-08-28T04:11:30.5426152Z Selecting previously unselected package libxcb-shm0-dev:amd64.
2026-08-28T04:11:30.5557180Z Preparing to unpack .../121-libxcb-shm0-dev_1.15-1ubuntu2_amd64.deb ...
2026-08-28T04:11:30.5569883Z Unpacking libxcb-shm0-dev:amd64 (1.15-1ubuntu2) ...
2026-08-28T04:11:30.5773045Z Selecting previously unselected package libxrender-dev:amd64.
2026-08-28T04:11:30.5904259Z Preparing to unpack .../122-libxrender-dev_1%3a0.9.10-1.1build1_amd64.deb ...
2026-08-28T04:11:30.5916925Z Unpacking libxrender-dev:amd64 (1:0.9.10-1.1build1) ...
2026-08-28T04:11:30.6117763Z Selecting previously unselected package libcairo2-dev:amd64.
2026-08-28T04:11:30.6247564Z Preparing to unpack .../123-libcairo2-dev_1.18.0-3build1_amd64.deb ...
2026-08-28T04:11:30.6259065Z Unpacking libcairo2-dev:amd64 (1.18.0-3build1) ...
2026-08-28T04:11:30.6477841Z Selecting previously unselected package libglx-dev:amd64.
2026-08-28T04:11:30.6608640Z Preparing to unpack .../124-libglx-dev_1.7.0-1build1_amd64.deb ...
2026-08-28T04:11:30.6753156Z Unpacking libglx-dev:amd64 (1.7.0-1build1) ...
2026-08-28T04:11:30.6964381Z Selecting previously unselected package libgl-dev:amd64.
2026-08-28T04:11:30.7096164Z Preparing to unpack .../125-libgl-dev_1.7.0-1build1_amd64.deb ...
2026-08-28T04:11:30.7108912Z Unpacking libgl-dev:amd64 (1.7.0-1build1) ...
2026-08-28T04:11:30.7389980Z Selecting previously unselected package libegl-dev:amd64.
2026-08-28T04:11:30.7521880Z Preparing to unpack .../126-libegl-dev_1.7.0-1build1_amd64.deb ...
2026-08-28T04:11:30.7536632Z Unpacking libegl-dev:amd64 (1.7.0-1build1) ...
2026-08-28T04:11:30.7739951Z Selecting previously unselected package libglvnd-core-dev:amd64.
2026-08-28T04:11:30.7873540Z Preparing to unpack .../127-libglvnd-core-dev_1.7.0-1build1_amd64.deb ...
2026-08-28T04:11:30.7887997Z Unpacking libglvnd-core-dev:amd64 (1.7.0-1build1) ...
2026-08-28T04:11:30.8112366Z Selecting previously unselected package libgles1:amd64.
2026-08-28T04:11:30.8241856Z Preparing to unpack .../128-libgles1_1.7.0-1build1_amd64.deb ...
2026-08-28T04:11:30.8255442Z Unpacking libgles1:amd64 (1.7.0-1build1) ...
2026-08-28T04:11:30.8455605Z Selecting previously unselected package libgles-dev:amd64.
2026-08-28T04:11:30.8585933Z Preparing to unpack .../129-libgles-dev_1.7.0-1build1_amd64.deb ...
2026-08-28T04:11:30.8597785Z Unpacking libgles-dev:amd64 (1.7.0-1build1) ...
2026-08-28T04:11:30.8868759Z Selecting previously unselected package libopengl0:amd64.
2026-08-28T04:11:30.8999668Z Preparing to unpack .../130-libopengl0_1.7.0-1build1_amd64.deb ...
2026-08-28T04:11:30.9012658Z Unpacking libopengl0:amd64 (1.7.0-1build1) ...
2026-08-28T04:11:30.9598137Z Selecting previously unselected package libopengl-dev:amd64.
2026-08-28T04:11:30.9733459Z Preparing to unpack .../131-libopengl-dev_1.7.0-1build1_amd64.deb ...
2026-08-28T04:11:30.9747585Z Unpacking libopengl-dev:amd64 (1.7.0-1build1) ...
2026-08-28T04:11:30.9949796Z Selecting previously unselected package libglvnd-dev:amd64.
2026-08-28T04:11:31.0084468Z Preparing to unpack .../132-libglvnd-dev_1.7.0-1build1_amd64.deb ...
2026-08-28T04:11:31.0121332Z Unpacking libglvnd-dev:amd64 (1.7.0-1build1) ...
2026-08-28T04:11:31.0329707Z Selecting previously unselected package libegl1-mesa-dev:amd64.
2026-08-28T04:11:31.0460625Z Preparing to unpack .../133-libegl1-mesa-dev_25.2.8-0ubuntu0.24.04.2_amd64.deb ...
2026-08-28T04:11:31.0476939Z Unpacking libegl1-mesa-dev:amd64 (25.2.8-0ubuntu0.24.04.2) ...
2026-08-28T04:11:31.0684185Z Selecting previously unselected package libepoxy-dev:amd64.
2026-08-28T04:11:31.0815941Z Preparing to unpack .../134-libepoxy-dev_1.5.10-1build1_amd64.deb ...
2026-08-28T04:11:31.0840941Z Unpacking libepoxy-dev:amd64 (1.5.10-1build1) ...
2026-08-28T04:11:31.1191170Z Selecting previously unselected package libfribidi-dev:amd64.
2026-08-28T04:11:31.1337600Z Preparing to unpack .../135-libfribidi-dev_1.0.13-3build1_amd64.deb ...
2026-08-28T04:11:31.1351858Z Unpacking libfribidi-dev:amd64 (1.0.13-3build1) ...
2026-08-28T04:11:31.1611456Z Selecting previously unselected package libgdk-pixbuf2.0-bin.
2026-08-28T04:11:31.1743757Z Preparing to unpack .../136-libgdk-pixbuf2.0-bin_2.42.10+dfsg-3ubuntu3.3_amd64.deb ...
2026-08-28T04:11:31.1894004Z Unpacking libgdk-pixbuf2.0-bin (2.42.10+dfsg-3ubuntu3.3) ...
2026-08-28T04:11:31.2235444Z Selecting previously unselected package libjpeg-turbo8-dev:amd64.
2026-08-28T04:11:31.2365861Z Preparing to unpack .../137-libjpeg-turbo8-dev_2.1.5-2ubuntu2_amd64.deb ...
2026-08-28T04:11:31.2386862Z Unpacking libjpeg-turbo8-dev:amd64 (2.1.5-2ubuntu2) ...
2026-08-28T04:11:31.2693854Z Selecting previously unselected package libjpeg8-dev:amd64.
2026-08-28T04:11:31.2826251Z Preparing to unpack .../138-libjpeg8-dev_8c-2ubuntu11_amd64.deb ...
2026-08-28T04:11:31.2843254Z Unpacking libjpeg8-dev:amd64 (8c-2ubuntu11) ...
2026-08-28T04:11:31.3022801Z Selecting previously unselected package libjpeg-dev:amd64.
2026-08-28T04:11:31.3153785Z Preparing to unpack .../139-libjpeg-dev_8c-2ubuntu11_amd64.deb ...
2026-08-28T04:11:31.3167653Z Unpacking libjpeg-dev:amd64 (8c-2ubuntu11) ...
2026-08-28T04:11:31.3365311Z Selecting previously unselected package libjbig-dev:amd64.
2026-08-28T04:11:31.3496926Z Preparing to unpack .../140-libjbig-dev_2.1-6.1ubuntu2_amd64.deb ...
2026-08-28T04:11:31.3509684Z Unpacking libjbig-dev:amd64 (2.1-6.1ubuntu2) ...
2026-08-28T04:11:31.3737313Z Selecting previously unselected package liblzma-dev:amd64.
2026-08-28T04:11:31.3867134Z Preparing to unpack .../141-liblzma-dev_5.6.1+really5.4.5-1ubuntu0.3_amd64.deb ...
2026-08-28T04:11:31.3880441Z Unpacking liblzma-dev:amd64 (5.6.1+really5.4.5-1ubuntu0.3) ...
2026-08-28T04:11:31.4177503Z Selecting previously unselected package libwebpdecoder3:amd64.
2026-08-28T04:11:31.4307195Z Preparing to unpack .../142-libwebpdecoder3_1.3.2-0.4build3_amd64.deb ...
2026-08-28T04:11:31.4433154Z Unpacking libwebpdecoder3:amd64 (1.3.2-0.4build3) ...
2026-08-28T04:11:31.4755623Z Selecting previously unselected package libsharpyuv-dev:amd64.
2026-08-28T04:11:31.4884890Z Preparing to unpack .../143-libsharpyuv-dev_1.3.2-0.4build3_amd64.deb ...
2026-08-28T04:11:31.4897224Z Unpacking libsharpyuv-dev:amd64 (1.3.2-0.4build3) ...
2026-08-28T04:11:31.5098782Z Selecting previously unselected package libwebp-dev:amd64.
2026-08-28T04:11:31.5230107Z Preparing to unpack .../144-libwebp-dev_1.3.2-0.4build3_amd64.deb ...
2026-08-28T04:11:31.5241690Z Unpacking libwebp-dev:amd64 (1.3.2-0.4build3) ...
2026-08-28T04:11:31.5646004Z Selecting previously unselected package libtiffxx6:amd64.
2026-08-28T04:11:31.5776486Z Preparing to unpack .../145-libtiffxx6_4.5.1+git230720-4ubuntu2.5_amd64.deb ...
2026-08-28T04:11:31.5797315Z Unpacking libtiffxx6:amd64 (4.5.1+git230720-4ubuntu2.5) ...
2026-08-28T04:11:31.5990620Z Selecting previously unselected package libdeflate-dev:amd64.
2026-08-28T04:11:31.6119694Z Preparing to unpack .../146-libdeflate-dev_1.19-1build1.1_amd64.deb ...
2026-08-28T04:11:31.6132057Z Unpacking libdeflate-dev:amd64 (1.19-1build1.1) ...
2026-08-28T04:11:31.6335099Z Selecting previously unselected package liblerc-dev:amd64.
2026-08-28T04:11:31.6463986Z Preparing to unpack .../147-liblerc-dev_4.0.0+ds-4ubuntu2_amd64.deb ...
2026-08-28T04:11:31.6475117Z Unpacking liblerc-dev:amd64 (4.0.0+ds-4ubuntu2) ...
2026-08-28T04:11:31.6748886Z Selecting previously unselected package libtiff-dev:amd64.
2026-08-28T04:11:31.6880561Z Preparing to unpack .../148-libtiff-dev_4.5.1+git230720-4ubuntu2.5_amd64.deb ...
2026-08-28T04:11:31.7032944Z Unpacking libtiff-dev:amd64 (4.5.1+git230720-4ubuntu2.5) ...
2026-08-28T04:11:31.7459442Z Selecting previously unselected package libgdk-pixbuf-2.0-dev:amd64.
2026-08-28T04:11:31.7589122Z Preparing to unpack .../149-libgdk-pixbuf-2.0-dev_2.42.10+dfsg-3ubuntu3.3_amd64.deb ...
2026-08-28T04:11:31.7600206Z Unpacking libgdk-pixbuf-2.0-dev:amd64 (2.42.10+dfsg-3ubuntu3.3) ...
2026-08-28T04:11:31.7880723Z Selecting previously unselected package libharfbuzz-subset0:amd64.
2026-08-28T04:11:31.8010383Z Preparing to unpack .../150-libharfbuzz-subset0_8.3.0-2build2_amd64.deb ...
2026-08-28T04:11:31.8022437Z Unpacking libharfbuzz-subset0:amd64 (8.3.0-2build2) ...
2026-08-28T04:11:31.8317676Z Selecting previously unselected package libharfbuzz-cairo0:amd64.
2026-08-28T04:11:31.8446084Z Preparing to unpack .../151-libharfbuzz-cairo0_8.3.0-2build2_amd64.deb ...
2026-08-28T04:11:31.8456113Z Unpacking libharfbuzz-cairo0:amd64 (8.3.0-2build2) ...
2026-08-28T04:11:31.8635251Z Selecting previously unselected package libgraphite2-dev:amd64.
2026-08-28T04:11:31.8763100Z Preparing to unpack .../152-libgraphite2-dev_1.3.14-2ubuntu0.24.04.1_amd64.deb ...
2026-08-28T04:11:31.8779354Z Unpacking libgraphite2-dev:amd64 (1.3.14-2ubuntu0.24.04.1) ...
2026-08-28T04:11:31.8997532Z Selecting previously unselected package libharfbuzz-dev:amd64.
2026-08-28T04:11:31.9129192Z Preparing to unpack .../153-libharfbuzz-dev_8.3.0-2build2_amd64.deb ...
2026-08-28T04:11:31.9141087Z Unpacking libharfbuzz-dev:amd64 (8.3.0-2build2) ...
2026-08-28T04:11:31.9737184Z Selecting previously unselected package libdatrie-dev:amd64.
2026-08-28T04:11:31.9865466Z Preparing to unpack .../154-libdatrie-dev_0.2.13-3build1_amd64.deb ...
2026-08-28T04:11:31.9880723Z Unpacking libdatrie-dev:amd64 (0.2.13-3build1) ...
2026-08-28T04:11:32.0071925Z Selecting previously unselected package libthai-dev:amd64.
2026-08-28T04:11:32.0202249Z Preparing to unpack .../155-libthai-dev_0.1.29-2build1_amd64.deb ...
2026-08-28T04:11:32.0219856Z Unpacking libthai-dev:amd64 (0.1.29-2build1) ...
2026-08-28T04:11:32.0424913Z Selecting previously unselected package libxft-dev:amd64.
2026-08-28T04:11:32.0554305Z Preparing to unpack .../156-libxft-dev_2.3.6-1build1_amd64.deb ...
2026-08-28T04:11:32.0568148Z Unpacking libxft-dev:amd64 (2.3.6-1build1) ...
2026-08-28T04:11:32.0800880Z Selecting previously unselected package pango1.0-tools.
2026-08-28T04:11:32.0930115Z Preparing to unpack .../157-pango1.0-tools_1.52.1+ds-1build1_amd64.deb ...
2026-08-28T04:11:32.0960784Z Unpacking pango1.0-tools (1.52.1+ds-1build1) ...
2026-08-28T04:11:32.1175064Z Selecting previously unselected package libpango1.0-dev:amd64.
2026-08-28T04:11:32.1304034Z Preparing to unpack .../158-libpango1.0-dev_1.52.1+ds-1build1_amd64.deb ...
2026-08-28T04:11:32.1316012Z Unpacking libpango1.0-dev:amd64 (1.52.1+ds-1build1) ...
2026-08-28T04:11:32.1660659Z Selecting previously unselected package libwayland-bin.
2026-08-28T04:11:32.1794260Z Preparing to unpack .../159-libwayland-bin_1.22.0-2.1build1_amd64.deb ...
2026-08-28T04:11:32.1809599Z Unpacking libwayland-bin (1.22.0-2.1build1) ...
2026-08-28T04:11:32.2255698Z Selecting previously unselected package libwayland-dev:amd64.
2026-08-28T04:11:32.2385805Z Preparing to unpack .../160-libwayland-dev_1.22.0-2.1build1_amd64.deb ...
2026-08-28T04:11:32.2397762Z Unpacking libwayland-dev:amd64 (1.22.0-2.1build1) ...
2026-08-28T04:11:32.2639809Z Selecting previously unselected package libxcomposite-dev:amd64.
2026-08-28T04:11:32.2771970Z Preparing to unpack .../161-libxcomposite-dev_1%3a0.4.5-1build3_amd64.deb ...
2026-08-28T04:11:32.2788354Z Unpacking libxcomposite-dev:amd64 (1:0.4.5-1build3) ...
2026-08-28T04:11:32.2996035Z Selecting previously unselected package libxcursor-dev:amd64.
2026-08-28T04:11:32.3125537Z Preparing to unpack .../162-libxcursor-dev_1%3a1.2.1-1build1_amd64.deb ...
2026-08-28T04:11:32.3137201Z Unpacking libxcursor-dev:amd64 (1:1.2.1-1build1) ...
2026-08-28T04:11:32.3531725Z Selecting previously unselected package libxdamage-dev:amd64.
2026-08-28T04:11:32.3666401Z Preparing to unpack .../163-libxdamage-dev_1%3a1.1.6-1build1_amd64.deb ...
2026-08-28T04:11:32.3679473Z Unpacking libxdamage-dev:amd64 (1:1.1.6-1build1) ...
2026-08-28T04:11:32.3875156Z Selecting previously unselected package libxinerama-dev:amd64.
2026-08-28T04:11:32.4006505Z Preparing to unpack .../164-libxinerama-dev_2%3a1.1.4-3build1_amd64.deb ...
2026-08-28T04:11:32.4019217Z Unpacking libxinerama-dev:amd64 (2:1.1.4-3build1) ...
2026-08-28T04:11:32.4213808Z Selecting previously unselected package libxkbcommon-dev:amd64.
2026-08-28T04:11:32.4346466Z Preparing to unpack .../165-libxkbcommon-dev_1.6.0-1build1_amd64.deb ...
2026-08-28T04:11:32.4358529Z Unpacking libxkbcommon-dev:amd64 (1.6.0-1build1) ...
2026-08-28T04:11:32.4758746Z Selecting previously unselected package libxrandr-dev:amd64.
2026-08-28T04:11:32.4892895Z Preparing to unpack .../166-libxrandr-dev_2%3a1.5.2-2build1_amd64.deb ...
2026-08-28T04:11:32.4906254Z Unpacking libxrandr-dev:amd64 (2:1.5.2-2build1) ...
2026-08-28T04:11:32.5186108Z Selecting previously unselected package wayland-protocols.
2026-08-28T04:11:32.5319426Z Preparing to unpack .../167-wayland-protocols_1.45-1~ubuntu0.24.04.2_all.deb ...
2026-08-28T04:11:32.5335574Z Unpacking wayland-protocols (1.45-1~ubuntu0.24.04.2) ...
2026-08-28T04:11:32.5660653Z Selecting previously unselected package libgtk-3-dev:amd64.
2026-08-28T04:11:32.5792659Z Preparing to unpack .../168-libgtk-3-dev_3.24.41-4ubuntu1.3_amd64.deb ...
2026-08-28T04:11:32.5810500Z Unpacking libgtk-3-dev:amd64 (3.24.41-4ubuntu1.3) ...
2026-08-28T04:11:32.7753797Z Selecting previously unselected package libayatana-ido3-dev.
2026-08-28T04:11:32.7888879Z Preparing to unpack .../169-libayatana-ido3-dev_0.10.1-1build2_amd64.deb ...
2026-08-28T04:11:32.7901842Z Unpacking libayatana-ido3-dev (0.10.1-1build2) ...
2026-08-28T04:11:32.8108482Z Selecting previously unselected package libayatana-indicator3-dev.
2026-08-28T04:11:32.8240269Z Preparing to unpack .../170-libayatana-indicator3-dev_0.9.4-1build1_amd64.deb ...
2026-08-28T04:11:32.8257543Z Unpacking libayatana-indicator3-dev (0.9.4-1build1) ...
2026-08-28T04:11:32.8503726Z Selecting previously unselected package libdbusmenu-glib-dev:amd64.
2026-08-28T04:11:32.8636014Z Preparing to unpack .../171-libdbusmenu-glib-dev_18.10.20180917~bzr492+repack1-3.1ubuntu5_amd64.deb ...
2026-08-28T04:11:32.8655028Z Unpacking libdbusmenu-glib-dev:amd64 (18.10.20180917~bzr492+repack1-3.1ubuntu5) ...
2026-08-28T04:11:32.8883574Z Selecting previously unselected package libayatana-appindicator3-dev.
2026-08-28T04:11:32.9015125Z Preparing to unpack .../172-libayatana-appindicator3-dev_0.5.93-1build3_amd64.deb ...
2026-08-28T04:11:32.9051170Z Unpacking libayatana-appindicator3-dev (0.5.93-1build3) ...
2026-08-28T04:11:32.9293263Z Selecting previously unselected package libgirepository-1.0-dev:amd64.
2026-08-28T04:11:32.9425290Z Preparing to unpack .../173-libgirepository-1.0-dev_1.80.1-1_amd64.deb ...
2026-08-28T04:11:32.9435847Z Unpacking libgirepository-1.0-dev:amd64 (1.80.1-1) ...
2026-08-28T04:11:32.9745750Z Selecting previously unselected package libgirepository1.0-dev.
2026-08-28T04:11:32.9877161Z Preparing to unpack .../174-libgirepository1.0-dev_1.80.1-1_amd64.deb ...
2026-08-28T04:11:33.0080906Z Unpacking libgirepository1.0-dev (1.80.1-1) ...
2026-08-28T04:11:33.0272598Z Selecting previously unselected package libjavascriptcoregtk-4.1-dev:amd64.
2026-08-28T04:11:33.0404987Z Preparing to unpack .../175-libjavascriptcoregtk-4.1-dev_2.52.3-0ubuntu0.24.04.1_amd64.deb ...
2026-08-28T04:11:33.0416327Z Unpacking libjavascriptcoregtk-4.1-dev:amd64 (2.52.3-0ubuntu0.24.04.1) ...
2026-08-28T04:11:33.0680269Z Selecting previously unselected package libnghttp2-dev:amd64.
2026-08-28T04:11:33.0811040Z Preparing to unpack .../176-libnghttp2-dev_1.59.0-1ubuntu0.4_amd64.deb ...
2026-08-28T04:11:33.0821977Z Unpacking libnghttp2-dev:amd64 (1.59.0-1ubuntu0.4) ...
2026-08-28T04:11:33.1043670Z Selecting previously unselected package libwebrtc-audio-processing1:amd64.
2026-08-28T04:11:33.1173522Z Preparing to unpack .../177-libwebrtc-audio-processing1_0.3.1-0ubuntu6_amd64.deb ...
2026-08-28T04:11:33.1183808Z Unpacking libwebrtc-audio-processing1:amd64 (0.3.1-0ubuntu6) ...
2026-08-28T04:11:33.1415132Z Selecting previously unselected package libspa-0.2-modules:amd64.
2026-08-28T04:11:33.1544207Z Preparing to unpack .../178-libspa-0.2-modules_1.0.5-1ubuntu3.3_amd64.deb ...
2026-08-28T04:11:33.1554912Z Unpacking libspa-0.2-modules:amd64 (1.0.5-1ubuntu3.3) ...
2026-08-28T04:11:33.1945890Z Selecting previously unselected package libpipewire-0.3-0t64:amd64.
2026-08-28T04:11:33.2078262Z Preparing to unpack .../179-libpipewire-0.3-0t64_1.0.5-1ubuntu3.3_amd64.deb ...
2026-08-28T04:11:33.2090385Z Unpacking libpipewire-0.3-0t64:amd64 (1.0.5-1ubuntu3.3) ...
2026-08-28T04:11:33.2611563Z Selecting previously unselected package libpipewire-0.3-common.
2026-08-28T04:11:33.2744460Z Preparing to unpack .../180-libpipewire-0.3-common_1.0.5-1ubuntu3.3_all.deb ...
2026-08-28T04:11:33.2776199Z Unpacking libpipewire-0.3-common (1.0.5-1ubuntu3.3) ...
2026-08-28T04:11:33.3074179Z Selecting previously unselected package libpng-tools.
2026-08-28T04:11:33.3205341Z Preparing to unpack .../181-libpng-tools_1.6.43-5ubuntu0.6_amd64.deb ...
2026-08-28T04:11:33.3246911Z Unpacking libpng-tools (1.6.43-5ubuntu0.6) ...
2026-08-28T04:11:33.3445729Z Selecting previously unselected package libpsl-dev:amd64.
2026-08-28T04:11:33.3576560Z Preparing to unpack .../182-libpsl-dev_0.21.2-1.1build1_amd64.deb ...
2026-08-28T04:11:33.3620361Z Unpacking libpsl-dev:amd64 (0.21.2-1.1build1) ...
2026-08-28T04:11:33.3890599Z Selecting previously unselected package librsvg2-common:amd64.
2026-08-28T04:11:33.4020891Z Preparing to unpack .../183-librsvg2-common_2.58.0+dfsg-1build1_amd64.deb ...
2026-08-28T04:11:33.4037232Z Unpacking librsvg2-common:amd64 (2.58.0+dfsg-1build1) ...
2026-08-28T04:11:33.4244431Z Selecting previously unselected package librsvg2-dev:amd64.
2026-08-28T04:11:33.4373999Z Preparing to unpack .../184-librsvg2-dev_2.58.0+dfsg-1build1_amd64.deb ...
2026-08-28T04:11:33.4386949Z Unpacking librsvg2-dev:amd64 (2.58.0+dfsg-1build1) ...
2026-08-28T04:11:33.4591976Z Selecting previously unselected package libsysprof-capture-4-dev:amd64.
2026-08-28T04:11:33.4720669Z Preparing to unpack .../185-libsysprof-capture-4-dev_46.0-1build1_amd64.deb ...
2026-08-28T04:11:33.4731878Z Unpacking libsysprof-capture-4-dev:amd64 (46.0-1build1) ...
2026-08-28T04:11:33.5162304Z Selecting previously unselected package libsoup-3.0-dev:amd64.
2026-08-28T04:11:33.5293650Z Preparing to unpack .../186-libsoup-3.0-dev_3.4.4-5ubuntu0.7_amd64.deb ...
2026-08-28T04:11:33.5345467Z Unpacking libsoup-3.0-dev:amd64 (3.4.4-5ubuntu0.7) ...
2026-08-28T04:11:33.5677186Z Selecting previously unselected package libwebkit2gtk-4.1-dev.
2026-08-28T04:11:33.5808669Z Preparing to unpack .../187-libwebkit2gtk-4.1-dev_2.52.3-0ubuntu0.24.04.1_amd64.deb ...
2026-08-28T04:11:33.5827548Z Unpacking libwebkit2gtk-4.1-dev (2.52.3-0ubuntu0.24.04.1) ...
2026-08-28T04:11:33.6798367Z Selecting previously unselected package xdg-desktop-portal.
2026-08-28T04:11:33.6928861Z Preparing to unpack .../188-xdg-desktop-portal_1.18.4-1ubuntu2.24.04.2_amd64.deb ...
2026-08-28T04:11:33.6941713Z Unpacking xdg-desktop-portal (1.18.4-1ubuntu2.24.04.2) ...
2026-08-28T04:11:33.7250557Z Selecting previously unselected package xdg-desktop-portal-gtk.
2026-08-28T04:11:33.7383313Z Preparing to unpack .../189-xdg-desktop-portal-gtk_1.15.1-1build2_amd64.deb ...
2026-08-28T04:11:33.7397598Z Unpacking xdg-desktop-portal-gtk (1.15.1-1build2) ...
2026-08-28T04:11:33.7884123Z Selecting previously unselected package libxdo3:amd64.
2026-08-28T04:11:33.8016678Z Preparing to unpack .../190-libxdo3_1%3a3.20160805.1-5build1_amd64.deb ...
2026-08-28T04:11:33.8030809Z Unpacking libxdo3:amd64 (1:3.20160805.1-5build1) ...
2026-08-28T04:11:33.8260985Z Selecting previously unselected package libxdo-dev.
2026-08-28T04:11:33.8393173Z Preparing to unpack .../191-libxdo-dev_1%3a3.20160805.1-5build1_amd64.deb ...
2026-08-28T04:11:33.8407806Z Unpacking libxdo-dev (1:3.20160805.1-5build1) ...
2026-08-28T04:11:33.9001268Z Setting up libpipewire-0.3-common (1.0.5-1ubuntu3.3) ...
2026-08-28T04:11:33.9095084Z Setting up bubblewrap (0.9.0-1ubuntu0.1) ...
2026-08-28T04:11:33.9157141Z Setting up libcairo-script-interpreter2:amd64 (1.18.0-3build1) ...
2026-08-28T04:11:33.9183617Z Setting up libglib2.0-dev-bin (2.80.0-6ubuntu3.8) ...
2026-08-28T04:11:34.0723897Z Setting up libcdparanoia0:amd64 (3.10.2+debian-14build3) ...
2026-08-28T04:11:34.0783576Z Setting up bzip2-doc (1.0.8-5.1build0.1) ...
2026-08-28T04:11:34.0810881Z Setting up libwayland-server0:amd64 (1.22.0-2.1build1) ...
2026-08-28T04:11:34.0837337Z Setting up libnghttp2-dev:amd64 (1.59.0-1ubuntu0.4) ...
2026-08-28T04:11:34.0863218Z Setting up session-migration (0.3.9build1) ...
2026-08-28T04:11:34.1920547Z Created symlink /etc/systemd/user/graphical-session-pre.target.wants/session-migration.service → /usr/lib/systemd/user/session-migration.service.
2026-08-28T04:11:34.1921621Z 
2026-08-28T04:11:34.1988260Z Setting up libjpeg-turbo8-dev:amd64 (2.1.5-2ubuntu2) ...
2026-08-28T04:11:34.2012573Z Setting up libraw1394-11:amd64 (2.1.2-2build3) ...
2026-08-28T04:11:34.2044854Z Setting up libproxy1v5:amd64 (0.5.4-4build1) ...
2026-08-28T04:11:34.2070255Z Setting up gir1.2-freedesktop:amd64 (1.80.1-1) ...
2026-08-28T04:11:34.2101228Z Setting up libtag1v5-vanilla:amd64 (1.13.1-1build1) ...
2026-08-28T04:11:34.2131443Z Setting up libharfbuzz-icu0:amd64 (8.3.0-2build2) ...
2026-08-28T04:11:34.2157043Z Setting up libpixman-1-dev:amd64 (0.42.2-1build1) ...
2026-08-28T04:11:34.2185533Z Setting up libspeex1:amd64 (1.2.1-2ubuntu2.24.04.1) ...
2026-08-28T04:11:34.2211449Z Setting up libcaca0:amd64 (0.99.beta20-4ubuntu0.2) ...
2026-08-28T04:11:34.2235693Z Setting up libv4lconvert0t64:amd64 (1.26.1-4build3) ...
2026-08-28T04:11:34.2296561Z Setting up libpangoxft-1.0-0:amd64 (1.52.1+ds-1build1) ...
2026-08-28T04:11:34.2323076Z Setting up gir1.2-dbusmenu-glib-0.4:amd64 (18.10.20180917~bzr492+repack1-3.1ubuntu5) ...
2026-08-28T04:11:34.2352950Z Setting up libglvnd-core-dev:amd64 (1.7.0-1build1) ...
2026-08-28T04:11:34.2381020Z Setting up libtwolame0:amd64 (0.4.0-2build3) ...
2026-08-28T04:11:34.2407394Z Setting up gir1.2-gdkpixbuf-2.0:amd64 (2.42.10+dfsg-3ubuntu3.3) ...
2026-08-28T04:11:34.2438480Z Setting up libhyphen0:amd64 (2.8.8-7build3) ...
2026-08-28T04:11:34.2462979Z Setting up libpng-tools (1.6.43-5ubuntu0.6) ...
2026-08-28T04:11:34.2529658Z Setting up libgirepository-2.0-0:amd64 (2.80.0-6ubuntu3.8) ...
2026-08-28T04:11:34.2565420Z Setting up libvisual-0.4-0:amd64 (0.4.2-2build1) ...
2026-08-28T04:11:34.2848430Z Setting up gir1.2-atk-1.0:amd64 (2.52.0-1build1) ...
2026-08-28T04:11:34.2882087Z Setting up libfribidi-dev:amd64 (1.0.13-3build1) ...
2026-08-28T04:11:34.2957121Z Setting up libmanette-0.2-0:amd64 (0.2.7-1build2) ...
2026-08-28T04:11:34.2982174Z Setting up libxkbcommon-dev:amd64 (1.6.0-1build1) ...
2026-08-28T04:11:34.3015915Z Setting up libpng-dev:amd64 (1.6.43-5ubuntu0.6) ...
2026-08-28T04:11:34.3075824Z Setting up pango1.0-tools (1.52.1+ds-1build1) ...
2026-08-28T04:11:34.3101712Z Setting up libjbig-dev:amd64 (2.1-6.1ubuntu2) ...
2026-08-28T04:11:34.3135220Z Setting up libwebrtc-audio-processing1:amd64 (0.3.1-0ubuntu6) ...
2026-08-28T04:11:34.3163533Z Setting up libwebpdecoder3:amd64 (1.3.2-0.4build3) ...
2026-08-28T04:11:34.3188766Z Setting up libharfbuzz-gobject0:amd64 (8.3.0-2build2) ...
2026-08-28T04:11:34.3325850Z Setting up gir1.2-atspi-2.0:amd64 (2.52.0-1build1) ...
2026-08-28T04:11:34.3352312Z Setting up libsoup-3.0-common (3.4.4-5ubuntu0.7) ...
2026-08-28T04:11:34.3442798Z Setting up libmpg123-0t64:amd64 (1.32.5-1ubuntu1.1) ...
2026-08-28T04:11:34.3479420Z Setting up libayatana-ido3-0.4-0:amd64 (0.10.1-1build2) ...
2026-08-28T04:11:34.3503433Z Setting up gir1.2-harfbuzz-0.0:amd64 (8.3.0-2build2) ...
2026-08-28T04:11:34.3531535Z Setting up libpthread-stubs0-dev:amd64 (0.4-1build3) ...
2026-08-28T04:11:34.3555871Z Setting up libopengl0:amd64 (1.7.0-1build1) ...
2026-08-28T04:11:34.3580946Z Setting up libpsl-dev:amd64 (0.21.2-1.1build1) ...
2026-08-28T04:11:34.3609962Z Setting up liborc-0.4-0t64:amd64 (1:0.4.38-1ubuntu0.1) ...
2026-08-28T04:11:34.3634597Z Setting up librsvg2-2:amd64 (2.58.0+dfsg-1build1) ...
2026-08-28T04:11:34.3667203Z Setting up libsysprof-capture-4-dev:amd64 (46.0-1build1) ...
2026-08-28T04:11:34.3706671Z Setting up libxdo3:amd64 (1:3.20160805.1-5build1) ...
2026-08-28T04:11:34.3733556Z Setting up xtrans-dev (1.4.0-1) ...
2026-08-28T04:11:34.3764841Z Setting up libwayland-bin (1.22.0-2.1build1) ...
2026-08-28T04:11:34.3794542Z Setting up libgraphite2-dev:amd64 (1.3.14-2ubuntu0.24.04.1) ...
2026-08-28T04:11:34.3852565Z Setting up gir1.2-pango-1.0:amd64 (1.52.1+ds-1build1) ...
2026-08-28T04:11:34.4060335Z Setting up libegl-mesa0:amd64 (25.2.8-0ubuntu0.24.04.2) ...
2026-08-28T04:11:34.4086249Z Setting up libjavascriptcoregtk-4.1-0:amd64 (2.52.3-0ubuntu0.24.04.1) ...
2026-08-28T04:11:34.4109417Z Setting up libgles2:amd64 (1.7.0-1build1) ...
2026-08-28T04:11:34.4140098Z Setting up libharfbuzz-cairo0:amd64 (8.3.0-2build2) ...
2026-08-28T04:11:34.4170661Z Setting up libdbus-1-dev:amd64 (1.14.10-4ubuntu4.1) ...
2026-08-28T04:11:34.5528435Z Setting up libspa-0.2-modules:amd64 (1.0.5-1ubuntu3.3) ...
2026-08-28T04:11:34.5557033Z Setting up uuid-dev:amd64 (2.39.3-9ubuntu6.5) ...
2026-08-28T04:11:34.5720863Z Setting up libgles1:amd64 (1.7.0-1build1) ...
2026-08-28T04:11:34.5752636Z Setting up libopus0:amd64 (1.4-1build1) ...
2026-08-28T04:11:34.5777310Z Setting up libxv1:amd64 (2:1.0.11-1.1build1) ...
2026-08-28T04:11:34.5804957Z Setting up libssl-dev:amd64 (3.0.13-0ubuntu3.15) ...
2026-08-28T04:11:34.5858865Z Setting up python3-markdown (3.5.2-1) ...
2026-08-28T04:11:34.7354681Z Setting up libdv4t64:amd64 (1.0.0-17.1build1) ...
2026-08-28T04:11:34.7381272Z Setting up libsepol-dev:amd64 (3.5-2build1) ...
2026-08-28T04:11:34.7413529Z Setting up liblerc-dev:amd64 (4.0.0+ds-4ubuntu2) ...
2026-08-28T04:11:34.7439315Z Setting up librsvg2-common:amd64 (2.58.0+dfsg-1build1) ...
2026-08-28T04:11:34.7509332Z Setting up libdbusmenu-glib-dev:amd64 (18.10.20180917~bzr492+repack1-3.1ubuntu5) ...
2026-08-28T04:11:34.7537749Z Setting up libv4l-0t64:amd64 (1.26.1-4build3) ...
2026-08-28T04:11:34.7561430Z Setting up liblzma-dev:amd64 (5.6.1+really5.4.5-1ubuntu0.3) ...
2026-08-28T04:11:34.7610574Z Setting up gir1.2-ayatanaido3-0.4:amd64 (0.10.1-1build2) ...
2026-08-28T04:11:34.7635938Z Setting up xdg-dbus-proxy (0.1.5-1ubuntu0.2) ...
2026-08-28T04:11:34.7675057Z Setting up libvpx9:amd64 (1.14.0-1ubuntu2.3) ...
2026-08-28T04:11:34.7706925Z Setting up wayland-protocols (1.45-1~ubuntu0.24.04.2) ...
2026-08-28T04:11:34.7968587Z Setting up libtag1v5:amd64 (1.13.1-1build1) ...
2026-08-28T04:11:34.7995433Z Setting up libdatrie-dev:amd64 (0.2.13-3build1) ...
2026-08-28T04:11:34.8083411Z Setting up gir1.2-glib-2.0-dev:amd64 (2.80.0-6ubuntu3.8) ...
2026-08-28T04:11:34.8117618Z Setting up libasyncns0:amd64 (0.8-6build4) ...
2026-08-28T04:11:34.8154391Z Setting up libgdk-pixbuf2.0-bin (2.42.10+dfsg-3ubuntu3.3) ...
2026-08-28T04:11:34.8184511Z Setting up libwavpack1:amd64 (5.6.0-1build1) ...
2026-08-28T04:11:34.8210077Z Setting up libtheora0:amd64 (1.1.1+dfsg.1-16.1build3) ...
2026-08-28T04:11:34.8426554Z Setting up libegl1:amd64 (1.7.0-1build1) ...
2026-08-28T04:11:34.8452383Z Setting up libharfbuzz-subset0:amd64 (8.3.0-2build2) ...
2026-08-28T04:11:34.8482360Z Setting up build-essential (12.10ubuntu1) ...
2026-08-28T04:11:34.8510543Z Setting up xorg-sgml-doctools (1:1.11-1.1) ...
2026-08-28T04:11:34.8538058Z Setting up libflac12t64:amd64 (1.4.3+ds-2.1ubuntu2) ...
2026-08-28T04:11:34.8657204Z Setting up libopengl-dev:amd64 (1.7.0-1build1) ...
2026-08-28T04:11:34.8687670Z Setting up glib-networking-common (2.80.0-1build1) ...
2026-08-28T04:11:34.8712229Z Setting up libjpeg8-dev:amd64 (8c-2ubuntu11) ...
2026-08-28T04:11:34.8766392Z Setting up gir1.2-rsvg-2.0:amd64 (2.58.0+dfsg-1build1) ...
2026-08-28T04:11:34.8934287Z Setting up libsharpyuv-dev:amd64 (1.3.2-0.4build3) ...
2026-08-28T04:11:34.8960210Z Setting up libayatana-indicator3-7:amd64 (0.9.4-1build1) ...
2026-08-28T04:11:34.8989855Z Setting up openssl (3.0.13-0ubuntu3.15) ...
2026-08-28T04:11:34.9039393Z Setting up libtiffxx6:amd64 (4.5.1+git230720-4ubuntu2.5) ...
2026-08-28T04:11:34.9128729Z Setting up libdeflate-dev:amd64 (1.19-1build1.1) ...
2026-08-28T04:11:34.9170008Z Setting up libpipewire-0.3-0t64:amd64 (1.0.5-1ubuntu3.3) ...
2026-08-28T04:11:34.9202414Z Setting up libbrotli-dev:amd64 (1.1.0-2build2) ...
2026-08-28T04:11:34.9237525Z Setting up libsecret-common (0.21.4-1build3) ...
2026-08-28T04:11:34.9267749Z Setting up libmp3lame0:amd64 (3.100-6build1) ...
2026-08-28T04:11:34.9295032Z Setting up libgraphene-1.0-0:amd64 (1.10.8-3build2) ...
2026-08-28T04:11:34.9323980Z Setting up python3-mako (1.3.2-1ubuntu0.1) ...
2026-08-28T04:11:35.0777717Z Setting up libvorbisenc2:amd64 (1.3.7-1build3) ...
2026-08-28T04:11:35.0808294Z Setting up libaa1:amd64 (1.4p5-51.1) ...
2026-08-28T04:11:35.0832403Z Setting up libiec61883-0:amd64 (1.2.0-6build1) ...
2026-08-28T04:11:35.0866795Z Setting up libbz2-dev:amd64 (1.0.8-5.1build0.1) ...
2026-08-28T04:11:35.0896125Z Setting up libavc1394-0:amd64 (0.5.4-5build3) ...
2026-08-28T04:11:35.0921946Z Setting up gsettings-desktop-schemas (46.1-0ubuntu1) ...
2026-08-28T04:11:35.0951160Z Setting up glib-networking-services (2.80.0-1build1) ...
2026-08-28T04:11:35.0976510Z Setting up libblkid-dev:amd64 (2.39.3-9ubuntu6.5) ...
2026-08-28T04:11:35.1169523Z Setting up xdg-desktop-portal (1.18.4-1ubuntu2.24.04.2) ...
2026-08-28T04:11:35.2137188Z Created symlink /etc/systemd/user/graphical-session-pre.target.wants/xdg-desktop-portal-rewrite-launchers.service → /usr/lib/systemd/user/xdg-desktop-portal-rewrite-launchers.service.
2026-08-28T04:11:35.2138203Z 
2026-08-28T04:11:35.2170149Z Setting up libselinux1-dev:amd64 (3.5-2ubuntu2.1) ...
2026-08-28T04:11:35.2219930Z Setting up gobject-introspection-bin (1.80.1-1) ...
2026-08-28T04:11:35.4042901Z Setting up gir1.2-gtk-3.0:amd64 (3.24.41-4ubuntu1.3) ...
2026-08-28T04:11:35.4071711Z Setting up libjpeg-dev:amd64 (8c-2ubuntu11) ...
2026-08-28T04:11:35.4097867Z Setting up libgstreamer-plugins-base1.0-0:amd64 (1.24.2-1ubuntu0.4) ...
2026-08-28T04:11:35.4131473Z Setting up gir1.2-girepository-2.0-dev:amd64 (1.80.1-1) ...
2026-08-28T04:11:35.4160673Z Setting up libwayland-dev:amd64 (1.22.0-2.1build1) ...
2026-08-28T04:11:35.4187278Z Setting up gir1.2-javascriptcoregtk-4.1:amd64 (2.52.3-0ubuntu0.24.04.1) ...
2026-08-28T04:11:35.4218471Z Setting up libfreetype-dev:amd64 (2.13.2+dfsg-1ubuntu0.1) ...
2026-08-28T04:11:35.4245994Z Setting up libsecret-1-0:amd64 (0.21.4-1build3) ...
2026-08-28T04:11:35.4317495Z Setting up libgstreamer-plugins-good1.0-0:amd64 (1.24.2-1ubuntu1.5) ...
2026-08-28T04:11:35.4349830Z Setting up libwebp-dev:amd64 (1.3.2-0.4build3) ...
2026-08-28T04:11:35.4379053Z Setting up libgstreamer-gl1.0-0:amd64 (1.24.2-1ubuntu0.4) ...
2026-08-28T04:11:35.4454600Z Setting up gstreamer1.0-plugins-base:amd64 (1.24.2-1ubuntu0.4) ...
2026-08-28T04:11:35.4480008Z Setting up libtiff-dev:amd64 (4.5.1+git230720-4ubuntu2.5) ...
2026-08-28T04:11:35.4505695Z Setting up libayatana-appindicator3-1 (0.5.93-1build3) ...
2026-08-28T04:11:35.4538778Z Setting up gir1.2-freedesktop-dev:amd64 (1.80.1-1) ...
2026-08-28T04:11:35.4570371Z Setting up libshout3:amd64 (2.4.6-1build2) ...
2026-08-28T04:11:35.4596432Z Setting up libthai-dev:amd64 (0.1.29-2build1) ...
2026-08-28T04:11:35.4626970Z Setting up libsndfile1:amd64 (1.2.2-1ubuntu5.24.04.1) ...
2026-08-28T04:11:35.4652212Z Setting up gir1.2-ayatanaappindicator3-0.1 (0.5.93-1build3) ...
2026-08-28T04:11:35.4676478Z Setting up libmount-dev:amd64 (2.39.3-9ubuntu6.5) ...
2026-08-28T04:11:35.4710090Z Setting up gstreamer1.0-gl:amd64 (1.24.2-1ubuntu0.4) ...
2026-08-28T04:11:35.4736434Z Setting up gstreamer1.0-x:amd64 (1.24.2-1ubuntu0.4) ...
2026-08-28T04:11:35.4762532Z Setting up libpulse0:amd64 (1:16.1+dfsg1-2ubuntu10.1) ...
2026-08-28T04:11:35.4849765Z Setting up libfontconfig-dev:amd64 (2.15.0-1.1ubuntu2) ...
2026-08-28T04:11:35.4876791Z Setting up libglib2.0-dev:amd64 (2.80.0-6ubuntu3.8) ...
2026-08-28T04:11:35.5656627Z Processing triggers for libgdk-pixbuf-2.0-0:amd64 (2.42.10+dfsg-3ubuntu3.3) ...
2026-08-28T04:11:35.7865709Z Processing triggers for sgml-base (1.31) ...
2026-08-28T04:11:35.8231850Z Processing triggers for install-info (7.1-3build2) ...
2026-08-28T04:11:35.9557004Z Setting up x11proto-dev (2023.2-1) ...
2026-08-28T04:11:35.9749814Z Setting up libxau-dev:amd64 (1:1.0.9-1build6) ...
2026-08-28T04:11:35.9807242Z Setting up libice-dev:amd64 (2:1.0.10-1build3) ...
2026-08-28T04:11:35.9891413Z Setting up libsm-dev:amd64 (2:1.2.3-1build3) ...
2026-08-28T04:11:35.9961033Z Processing triggers for libc-bin (2.39-0ubuntu8.8) ...
2026-08-28T04:11:36.0428310Z Processing triggers for man-db (2.12.0-4build2) ...
2026-08-28T04:11:36.0467463Z Not building database; man-db/auto-update is not 'true'.
2026-08-28T04:11:36.0488581Z Setting up libxdmcp-dev:amd64 (1:1.1.3-0ubuntu6) ...
2026-08-28T04:11:36.0548313Z Processing triggers for libglib2.0-0t64:amd64 (2.80.0-6ubuntu3.8) ...
2026-08-28T04:11:36.1393345Z Setting up glib-networking:amd64 (2.80.0-1build1) ...
2026-08-28T04:11:36.1458448Z Setting up libjavascriptcoregtk-4.1-dev:amd64 (2.52.3-0ubuntu0.24.04.1) ...
2026-08-28T04:11:36.1515607Z Setting up libatk1.0-dev:amd64 (2.52.0-1build1) ...
2026-08-28T04:11:36.1572512Z Setting up libgdk-pixbuf-2.0-dev:amd64 (2.42.10+dfsg-3ubuntu3.3) ...
2026-08-28T04:11:36.1620661Z Setting up xdg-desktop-portal-gtk (1.15.1-1build2) ...
2026-08-28T04:11:36.1698695Z Setting up libharfbuzz-dev:amd64 (8.3.0-2build2) ...
2026-08-28T04:11:36.1748581Z Setting up libxcb1-dev:amd64 (1.15-1ubuntu2) ...
2026-08-28T04:11:36.1845595Z Setting up libsoup-3.0-0:amd64 (3.4.4-5ubuntu0.7) ...
2026-08-28T04:11:36.1892752Z Setting up libx11-dev:amd64 (2:1.8.7-1build1) ...
2026-08-28T04:11:36.1928468Z Setting up gobject-introspection:amd64 (1.80.1-1) ...
2026-08-28T04:11:36.1972102Z Setting up libxfixes-dev:amd64 (1:6.0.0-2build1) ...
2026-08-28T04:11:36.2007104Z Setting up libxcb-shm0-dev:amd64 (1.15-1ubuntu2) ...
2026-08-28T04:11:36.2164591Z Setting up libgirepository-1.0-dev:amd64 (1.80.1-1) ...
2026-08-28T04:11:36.2209078Z Setting up libxcb-render0-dev:amd64 (1.15-1ubuntu2) ...
2026-08-28T04:11:36.2299713Z Setting up libxext-dev:amd64 (2:1.3.4-1build2) ...
2026-08-28T04:11:36.2341703Z Setting up gir1.2-soup-3.0:amd64 (3.4.4-5ubuntu0.7) ...
2026-08-28T04:11:36.2548740Z Setting up libglx-dev:amd64 (1.7.0-1build1) ...
2026-08-28T04:11:36.2601324Z Setting up libxi-dev:amd64 (2:1.8.1-1build1) ...
2026-08-28T04:11:36.2665611Z Setting up libxrender-dev:amd64 (1:0.9.10-1.1build1) ...
2026-08-28T04:11:36.2704310Z Setting up libgl-dev:amd64 (1.7.0-1build1) ...
2026-08-28T04:11:36.2740804Z Setting up libxft-dev:amd64 (2.3.6-1build1) ...
2026-08-28T04:11:36.2842636Z Setting up libxtst-dev:amd64 (2:1.2.3-1.1build1) ...
2026-08-28T04:11:36.2886821Z Setting up libxdamage-dev:amd64 (1:1.1.6-1build1) ...
2026-08-28T04:11:36.2919120Z Setting up libatspi2.0-dev:amd64 (2.52.0-1build1) ...
2026-08-28T04:11:36.3029394Z Setting up libegl-dev:amd64 (1.7.0-1build1) ...
2026-08-28T04:11:36.3319593Z Setting up libxdo-dev (1:3.20160805.1-5build1) ...
2026-08-28T04:11:36.3347915Z Setting up libxcomposite-dev:amd64 (1:0.4.5-1build3) ...
2026-08-28T04:11:36.3384257Z Setting up libxcursor-dev:amd64 (1:1.2.1-1build1) ...
2026-08-28T04:11:36.3438682Z Setting up gstreamer1.0-plugins-good:amd64 (1.24.2-1ubuntu1.5) ...
2026-08-28T04:11:36.3488127Z Setting up libepoxy-dev:amd64 (1.5.10-1build1) ...
2026-08-28T04:11:36.3535960Z Setting up libatk-bridge2.0-dev:amd64 (2.52.0-1build1) ...
2026-08-28T04:11:36.3587506Z Setting up libxrandr-dev:amd64 (2:1.5.2-2build1) ...
2026-08-28T04:11:36.3625723Z Setting up libsoup-3.0-dev:amd64 (3.4.4-5ubuntu0.7) ...
2026-08-28T04:11:36.3675256Z Setting up libgirepository1.0-dev (1.80.1-1) ...
2026-08-28T04:11:36.3782551Z Setting up libxinerama-dev:amd64 (2:1.1.4-3build1) ...
2026-08-28T04:11:36.3835912Z Setting up libcairo2-dev:amd64 (1.18.0-3build1) ...
2026-08-28T04:11:36.3898690Z Setting up libgles-dev:amd64 (1.7.0-1build1) ...
2026-08-28T04:11:36.3966720Z Setting up libwebkit2gtk-4.1-0:amd64 (2.52.3-0ubuntu0.24.04.1) ...
2026-08-28T04:11:36.4037833Z Setting up gir1.2-webkit2-4.1:amd64 (2.52.3-0ubuntu0.24.04.1) ...
2026-08-28T04:11:36.4111066Z Setting up libglvnd-dev:amd64 (1.7.0-1build1) ...
2026-08-28T04:11:36.4195731Z Setting up libpango1.0-dev:amd64 (1.52.1+ds-1build1) ...
2026-08-28T04:11:36.4264841Z Setting up librsvg2-dev:amd64 (2.58.0+dfsg-1build1) ...
2026-08-28T04:11:36.4322819Z Setting up libegl1-mesa-dev:amd64 (25.2.8-0ubuntu0.24.04.2) ...
2026-08-28T04:11:36.4379205Z Setting up libgtk-3-dev:amd64 (3.24.41-4ubuntu1.3) ...
2026-08-28T04:11:36.4441263Z Setting up libayatana-ido3-dev (0.10.1-1build2) ...
2026-08-28T04:11:36.4501596Z Setting up libayatana-indicator3-dev (0.9.4-1build1) ...
2026-08-28T04:11:36.4581064Z Setting up libwebkit2gtk-4.1-dev (2.52.3-0ubuntu0.24.04.1) ...
2026-08-28T04:11:36.4633307Z Setting up libayatana-appindicator3-dev (0.5.93-1build3) ...
2026-08-28T04:11:36.4681868Z Processing triggers for libc-bin (2.39-0ubuntu8.8) ...
2026-08-28T04:11:36.9875355Z 
2026-08-28T04:11:36.9876359Z Running kernel seems to be up-to-date.
2026-08-28T04:11:36.9876893Z 
2026-08-28T04:11:36.9877114Z Restarting services...
2026-08-28T04:11:37.0268894Z  /etc/needrestart/restart.d/systemd-manager
2026-08-28T04:11:37.2809602Z  systemctl restart packagekit.service php8.3-fpm.service systemd-journald.service systemd-networkd.service systemd-resolved.service systemd-udevd.service udisks2.service
2026-08-28T04:11:37.4345178Z 
2026-08-28T04:11:37.4346313Z Service restarts being deferred:
2026-08-28T04:11:37.4346806Z  systemctl restart hosted-compute-agent.service
2026-08-28T04:11:37.4347360Z  systemctl restart systemd-logind.service
2026-08-28T04:11:37.4347735Z  systemctl restart walinuxagent.service
2026-08-28T04:11:37.4347973Z 
2026-08-28T04:11:37.4348185Z No containers need to be restarted.
2026-08-28T04:11:37.4348389Z 
2026-08-28T04:11:37.4348560Z User sessions running outdated binaries:
2026-08-28T04:11:37.4348934Z  runner @ user manager service: systemd[1061]
2026-08-28T04:11:37.4485458Z 
2026-08-28T04:11:37.4486244Z No VM guests are running outdated hypervisor (qemu) binaries on this host.
2026-08-28T04:11:38.4401714Z ##[group]Run set -eu
2026-08-28T04:11:38.4402167Z [36;1mset -eu[0m
2026-08-28T04:11:38.4402469Z [36;1mset --[0m
2026-08-28T04:11:38.4402854Z [36;1mwhile IFS='|' read -r crate target reason; do[0m
2026-08-28T04:11:38.4403430Z [36;1m  crate=$(printf '%s' "$crate" | sed -e 's/^[[:space:]]*//' -e 's/[[:space:]]*$//')[0m
2026-08-28T04:11:38.4403985Z [36;1m  case "$crate" in '' | '#'*) continue ;; esac[0m
2026-08-28T04:11:38.4404529Z [36;1m  target=$(printf '%s' "$target" | sed -e 's/^[[:space:]]*//' -e 's/[[:space:]]*$//')[0m
2026-08-28T04:11:38.4405235Z [36;1m  set -- "$@" -p "$crate" --test "$target"[0m
2026-08-28T04:11:38.4405641Z [36;1mdone < ci/tier01-tests.txt[0m
2026-08-28T04:11:38.4406054Z [36;1mcargo test --locked --no-run "$@"[0m
2026-08-28T04:11:38.4432236Z shell: /usr/bin/bash -e {0}
2026-08-28T04:11:38.4432597Z env:
2026-08-28T04:11:38.4432914Z   PNPM_VERSION: 10.20.0
2026-08-28T04:11:38.4433267Z   NODE_VERSION: 24
2026-08-28T04:11:38.4433732Z   TAURI_CLI_VERSION: 2.11.4
2026-08-28T04:11:38.4434062Z   ANDROID_NDK_VERSION: 27.3.13750724
2026-08-28T04:11:38.4434414Z   ANDROID_BUILD_TOOLS_VERSION: 35.0.0
2026-08-28T04:11:38.4435010Z   CACHE_ON_FAILURE: false
2026-08-28T04:11:38.4435336Z   CARGO_INCREMENTAL: 0
2026-08-28T04:11:38.4435642Z ##[endgroup]
2026-08-28T04:11:38.5685268Z     Updating crates.io index
2026-08-28T04:11:39.9646454Z error: cannot update the lock file /home/runner/work/tradr/tradr/Cargo.lock because --locked was passed to prevent this
2026-08-28T04:11:39.9647315Z help: to generate the lock file without accessing the network, remove the --locked flag and use --offline instead.
2026-08-28T04:11:39.9729676Z ##[error]Process completed with exit code 101.
2026-08-28T04:11:39.9921530Z Node 20 is being deprecated. This workflow is running with Node 24 by default. If you need to temporarily use Node 20, you can set the ACTIONS_ALLOW_USE_UNSECURE_NODE_VERSION=true environment variable. For more information see: https://github.blog/changelog/2025-09-19-deprecation-of-node-20-on-github-actions-runners/
2026-08-28T04:11:39.9923101Z Post job cleanup.
2026-08-28T04:11:40.0826883Z [command]/usr/bin/git version
2026-08-28T04:11:40.0872985Z git version 2.55.0
2026-08-28T04:11:40.0917607Z Temporarily overriding HOME='/home/runner/work/_temp/c8154b7e-b965-4985-9552-2afe5ce53da9' before making global git config changes
2026-08-28T04:11:40.0918976Z Adding repository directory to the temporary git global config as a safe directory
2026-08-28T04:11:40.0924199Z [command]/usr/bin/git config --global --add safe.directory /home/runner/work/tradr/tradr
2026-08-28T04:11:40.0966414Z [command]/usr/bin/git config --local --name-only --get-regexp core\.sshCommand
2026-08-28T04:11:40.1002479Z [command]/usr/bin/git submodule foreach --recursive sh -c "git config --local --name-only --get-regexp 'core\.sshCommand' && git config --local --unset-all 'core.sshCommand' || :"
2026-08-28T04:11:40.1228851Z [command]/usr/bin/git config --local --name-only --get-regexp http\.https\:\/\/github\.com\/\.extraheader
2026-08-28T04:11:40.1258155Z http.https://github.com/.extraheader
2026-08-28T04:11:40.1270587Z [command]/usr/bin/git config --local --unset-all http.https://github.com/.extraheader
2026-08-28T04:11:40.1305038Z [command]/usr/bin/git submodule foreach --recursive sh -c "git config --local --name-only --get-regexp 'http\.https\:\/\/github\.com\/\.extraheader' && git config --local --unset-all 'http.https://github.com/.extraheader' || :"
2026-08-28T04:11:40.1536412Z [command]/usr/bin/git config --local --name-only --get-regexp ^includeIf\.gitdir:
2026-08-28T04:11:40.1581568Z [command]/usr/bin/git submodule foreach --recursive git config --local --show-origin --name-only --get-regexp remote.origin.url
2026-08-28T04:11:40.2000486Z Cleaning up orphan processes
2026-08-28T04:11:40.2350938Z ##[warning]Node.js 20 is deprecated. The following actions target Node.js 20 but are being forced to run on Node.js 24: actions/checkout@v4. For more information see: https://github.blog/changelog/2025-09-19-deprecation-of-node-20-on-github-actions-runners/
